id,username,password,email,nombre_completo,rol,activo,fecha_registro
1,user1,hashed_password,user1@hotel.com,Eligio Arellano Borja,HUESPED,1,2025-09-03 17:28:00
2,user2,hashed_password,user2@hotel.com,Rogelio del Ramis,HUESPED,1,2025-11-11 00:40:37
3,user3,hashed_password,user3@hotel.com,Asunción Pont Moreno,HUESPED,1,2026-01-30 00:37:40
4,user4,hashed_password,user4@hotel.com,Demetrio Cristian Arranz Bravo,HUESPED,1,2025-08-08 00:42:31
5,user5,hashed_password,user5@hotel.com,Yolanda Revilla Perera,HUESPED,1,2025-01-12 21:43:10
6,user6,hashed_password,user6@hotel.com,Elodia Lara Espinosa Zabaleta,HUESPED,1,2026-04-29 13:28:02
7,user7,hashed_password,user7@hotel.com,Guiomar del Paz,RECEPCIONISTA,1,2026-04-06 15:52:45
8,user8,hashed_password,user8@hotel.com,Corona Valcárcel Salcedo,HUESPED,1,2025-03-11 20:57:39
9,user9,hashed_password,user9@hotel.com,Román Murcia Comas,HUESPED,1,2025-05-04 10:33:37
10,user10,hashed_password,user10@hotel.com,Trini Gual Portillo,HUESPED,1,2025-02-09 08:58:42
11,user11,hashed_password,user11@hotel.com,Estrella Tomás Larrea,HUESPED,1,2026-03-28 23:32:34
12,user12,hashed_password,user12@hotel.com,Che Revilla Uribe,HUESPED,1,2024-11-20 00:16:56
13,user13,hashed_password,user13@hotel.com,Glauco Morillo Palau,HUESPED,1,2025-03-27 06:17:19
14,user14,hashed_password,user14@hotel.com,María Del Carmen Colom Yuste,HUESPED,1,2025-01-21 22:05:32
15,user15,hashed_password,user15@hotel.com,Juanita Alegria Cortes,HUESPED,1,2025-12-13 09:02:59
16,user16,hashed_password,user16@hotel.com,Camilo Pazos,HUESPED,1,2024-10-30 13:13:52
17,user17,hashed_password,user17@hotel.com,Manuelita Rivero Valls,HUESPED,1,2024-06-24 10:40:25
18,user18,hashed_password,user18@hotel.com,Itziar Royo Duran,HUESPED,1,2024-06-18 05:24:14
19,user19,hashed_password,user19@hotel.com,Sebastian Taboada Fabregat,HUESPED,1,2024-12-20 07:38:32
20,user20,hashed_password,user20@hotel.com,Edelmiro Riquelme Narváez,HUESPED,1,2025-07-08 14:27:54
21,user21,hashed_password,user21@hotel.com,Conrado de Agullo,HUESPED,1,2024-08-15 13:48:08
22,user22,hashed_password,user22@hotel.com,Magdalena Dueñas,HUESPED,1,2026-01-03 18:19:27
23,user23,hashed_password,user23@hotel.com,Belen Gonzalez,HUESPED,1,2025-10-31 15:46:53
24,user24,hashed_password,user24@hotel.com,Macario Valcárcel Barrena,HUESPED,1,2025-11-21 17:06:34
25,user25,hashed_password,user25@hotel.com,Calixta Flores Cañizares,ADMIN,1,2025-02-02 17:10:34
26,user26,hashed_password,user26@hotel.com,Joel Sevilla,HUESPED,1,2026-03-16 11:52:49
27,user27,hashed_password,user27@hotel.com,Esmeralda Aliaga Gallart,HUESPED,1,2024-10-03 07:38:01
28,user28,hashed_password,user28@hotel.com,Susana Viñas Mateu,HUESPED,1,2025-06-08 14:58:11
29,user29,hashed_password,user29@hotel.com,Evelia del Luís,HUESPED,1,2025-02-13 06:03:48
30,user30,hashed_password,user30@hotel.com,Lilia Serna,HUESPED,1,2024-08-20 14:11:20
31,user31,hashed_password,user31@hotel.com,Susana Pallarès-Vicente,HUESPED,1,2025-10-21 11:15:25
32,user32,hashed_password,user32@hotel.com,Eva Cózar Campos,HUESPED,1,2025-06-07 06:53:33
33,user33,hashed_password,user33@hotel.com,Victor Alcolea Moraleda,HUESPED,1,2025-12-09 20:06:26
34,user34,hashed_password,user34@hotel.com,Débora de Rozas,ADMIN,1,2025-12-23 18:49:38
35,user35,hashed_password,user35@hotel.com,Olimpia Arnaiz Aller,HUESPED,1,2026-05-13 13:12:18
36,user36,hashed_password,user36@hotel.com,Jordi Lladó Fuertes,HUESPED,1,2024-10-21 21:58:58
37,user37,hashed_password,user37@hotel.com,Luisa Segovia Tur,HUESPED,1,2024-12-28 17:12:33
38,user38,hashed_password,user38@hotel.com,Clarisa Montero,HUESPED,1,2024-11-24 19:22:23
39,user39,hashed_password,user39@hotel.com,Natividad Daza Seguí,RECEPCIONISTA,1,2025-03-11 03:53:31
40,user40,hashed_password,user40@hotel.com,Pablo del Pallarès,HUESPED,1,2025-06-18 18:21:08
41,user41,hashed_password,user41@hotel.com,Eli Mayo-Yáñez,HUESPED,1,2025-09-30 03:56:26
42,user42,hashed_password,user42@hotel.com,Ismael del Díez,HUESPED,1,2024-07-18 09:31:08
43,user43,hashed_password,user43@hotel.com,Reyes Barros Bosch,HUESPED,1,2026-03-04 10:38:31
44,user44,hashed_password,user44@hotel.com,Dora Jáuregui Iniesta,HUESPED,1,2025-07-22 20:01:38
45,user45,hashed_password,user45@hotel.com,Primitiva Cordero Armas,HUESPED,1,2025-02-10 10:00:37
46,user46,hashed_password,user46@hotel.com,Hugo Olmo,HUESPED,1,2026-02-13 15:25:06
47,user47,hashed_password,user47@hotel.com,Víctor Fabregat Montaña,HUESPED,1,2025-03-21 02:49:42
48,user48,hashed_password,user48@hotel.com,Íngrid Buendía Puente,HUESPED,1,2024-09-26 16:11:17
49,user49,hashed_password,user49@hotel.com,Celestino del Campoy,HUESPED,1,2025-03-25 19:54:08
50,user50,hashed_password,user50@hotel.com,Fermín Gámez-Ródenas,HUESPED,1,2025-08-26 20:57:31
51,user51,hashed_password,user51@hotel.com,Julio de Torralba,HUESPED,1,2026-02-28 20:25:47
52,user52,hashed_password,user52@hotel.com,Haydée Sedano Ramón,HUESPED,1,2025-06-26 13:58:06
53,user53,hashed_password,user53@hotel.com,Luis Ayllón Fabregat,HUESPED,1,2025-07-16 20:47:34
54,user54,hashed_password,user54@hotel.com,Sandra Mascaró-Coello,RECEPCIONISTA,1,2025-06-29 23:43:43
55,user55,hashed_password,user55@hotel.com,Eulalia Olivares Pou,HUESPED,1,2024-08-04 06:09:45
56,user56,hashed_password,user56@hotel.com,Ramona de Uría,HUESPED,1,2025-12-25 17:28:00
57,user57,hashed_password,user57@hotel.com,Paola Ángel,HUESPED,1,2024-09-06 15:12:12
58,user58,hashed_password,user58@hotel.com,Rómulo del España,HUESPED,1,2024-09-19 02:02:07
59,user59,hashed_password,user59@hotel.com,Íngrid Riquelme Lozano,HUESPED,1,2024-06-22 01:23:01
60,user60,hashed_password,user60@hotel.com,Reyna de Vallés,HUESPED,1,2025-09-13 02:38:27
61,user61,hashed_password,user61@hotel.com,Clara Bermúdez-Gallart,ADMIN,1,2025-04-22 22:32:53
62,user62,hashed_password,user62@hotel.com,Adoración Zaragoza Murcia,HUESPED,1,2025-03-09 13:02:25
63,user63,hashed_password,user63@hotel.com,Florencia Mesa,HUESPED,1,2026-02-22 00:56:30
64,user64,hashed_password,user64@hotel.com,Nacio Noguera Valderrama,HUESPED,1,2025-07-24 12:31:40
65,user65,hashed_password,user65@hotel.com,Gerardo Díez Belmonte,HUESPED,1,2025-04-28 08:05:21
66,user66,hashed_password,user66@hotel.com,Valentín Cadenas Riera,HUESPED,1,2024-06-13 05:28:30
67,user67,hashed_password,user67@hotel.com,Leonel Duarte Iglesia,HUESPED,1,2025-04-30 09:53:26
68,user68,hashed_password,user68@hotel.com,Augusto Vaquero Ródenas,HUESPED,1,2025-11-30 09:04:31
69,user69,hashed_password,user69@hotel.com,Leonel Torrents-Pedro,HUESPED,1,2025-08-26 02:42:09
70,user70,hashed_password,user70@hotel.com,Samuel Pazos,HUESPED,1,2024-09-16 23:46:16
71,user71,hashed_password,user71@hotel.com,Severo Abilio Lorenzo Silva,HUESPED,1,2024-12-15 09:00:26
72,user72,hashed_password,user72@hotel.com,Esperanza Armida Cuervo Ferrández,RECEPCIONISTA,1,2026-02-05 07:48:01
73,user73,hashed_password,user73@hotel.com,Judith Asenjo Antúnez,RECEPCIONISTA,1,2025-06-28 04:50:58
74,user74,hashed_password,user74@hotel.com,Yéssica Uría Guerra,HUESPED,1,2025-05-02 18:12:34
75,user75,hashed_password,user75@hotel.com,Fortunato Saura Huguet,HUESPED,1,2024-10-26 12:49:51
76,user76,hashed_password,user76@hotel.com,Ambrosio Reig Ferreras,HUESPED,1,2025-04-09 17:04:45
77,user77,hashed_password,user77@hotel.com,Tito Varela Serra,RECEPCIONISTA,1,2025-10-17 06:35:25
78,user78,hashed_password,user78@hotel.com,Abilio Antón Águila,HUESPED,1,2025-11-09 17:45:50
79,user79,hashed_password,user79@hotel.com,Ruth Iñiguez Barco,HUESPED,1,2026-04-27 22:08:30
80,user80,hashed_password,user80@hotel.com,Juan Pablo Mendizábal Verdú,HUESPED,1,2024-06-13 21:08:13
81,user81,hashed_password,user81@hotel.com,Lucía Carmona Benavent,HUESPED,1,2024-05-31 23:44:40
82,user82,hashed_password,user82@hotel.com,Adalberto del Acedo,HUESPED,1,2025-01-04 20:52:48
83,user83,hashed_password,user83@hotel.com,Jose Ignacio Hervás Folch,HUESPED,1,2025-12-13 04:27:55
84,user84,hashed_password,user84@hotel.com,Macario de Sandoval,RECEPCIONISTA,1,2025-05-13 23:02:58
85,user85,hashed_password,user85@hotel.com,Aurora Atienza Quero,HUESPED,1,2025-05-31 10:38:28
86,user86,hashed_password,user86@hotel.com,Pedro Trillo-Alvarado,HUESPED,1,2025-10-05 00:12:29
87,user87,hashed_password,user87@hotel.com,Eliana Lopez Maldonado,ADMIN,1,2024-11-19 06:22:42
88,user88,hashed_password,user88@hotel.com,Nazaret Alemany Puente,HUESPED,1,2025-03-20 06:51:53
89,user89,hashed_password,user89@hotel.com,Leonor Villalonga Chico,HUESPED,1,2025-08-18 18:34:01
90,user90,hashed_password,user90@hotel.com,Alex Revilla Herrera,HUESPED,1,2025-05-02 03:26:07
91,user91,hashed_password,user91@hotel.com,Liliana Castell Juliá,HUESPED,1,2026-02-12 16:24:10
92,user92,hashed_password,user92@hotel.com,Ignacia Olalla Aranda Urrutia,HUESPED,1,2024-10-29 08:26:17
93,user93,hashed_password,user93@hotel.com,Berta Tejedor Tolosa,HUESPED,1,2026-04-27 06:17:11
94,user94,hashed_password,user94@hotel.com,Soledad del Pinilla,HUESPED,1,2024-08-20 01:43:14
95,user95,hashed_password,user95@hotel.com,Lilia Tejedor Pont,HUESPED,1,2024-11-10 07:12:33
96,user96,hashed_password,user96@hotel.com,Saturnina Ariza Hidalgo,HUESPED,1,2025-04-19 07:50:31
97,user97,hashed_password,user97@hotel.com,Cruz Plana Sarmiento,ADMIN,1,2024-09-25 10:56:03
98,user98,hashed_password,user98@hotel.com,José Antonio Luis Gisbert Salvà,HUESPED,1,2025-01-03 15:38:40
99,user99,hashed_password,user99@hotel.com,Josefa Quero Rodrigo,ADMIN,1,2025-07-10 07:23:49
100,user100,hashed_password,user100@hotel.com,Rosalía Flora Pont Salcedo,RECEPCIONISTA,1,2025-06-27 17:20:06
101,user101,hashed_password,user101@hotel.com,Anunciación Arana-Barragán,HUESPED,1,2024-11-06 14:50:42
102,user102,hashed_password,user102@hotel.com,Alejandro Olmo Ribes,HUESPED,1,2025-04-29 23:11:30
103,user103,hashed_password,user103@hotel.com,Mario Mateos Cámara,HUESPED,1,2024-07-28 09:35:47
104,user104,hashed_password,user104@hotel.com,Cristian Seco Fernandez,HUESPED,1,2025-01-21 22:53:36
105,user105,hashed_password,user105@hotel.com,Telmo Salgado Bonilla,HUESPED,1,2025-08-13 08:16:30
106,user106,hashed_password,user106@hotel.com,Abilio René Olivé Antón,HUESPED,1,2025-07-30 13:40:17
107,user107,hashed_password,user107@hotel.com,Lalo del Franch,HUESPED,1,2024-08-06 23:27:57
108,user108,hashed_password,user108@hotel.com,Jose Francisco Hurtado Ochoa,HUESPED,1,2025-11-10 14:10:48
109,user109,hashed_password,user109@hotel.com,Aurelia Águila Parra,HUESPED,1,2024-09-15 13:58:05
110,user110,hashed_password,user110@hotel.com,Selena Tamayo Castillo,ADMIN,1,2025-12-24 16:31:31
111,user111,hashed_password,user111@hotel.com,Jose Angel Prado Lago,RECEPCIONISTA,1,2025-09-20 23:18:10
112,user112,hashed_password,user112@hotel.com,África Noelia Chaparro Cáceres,HUESPED,1,2026-03-24 04:36:04
113,user113,hashed_password,user113@hotel.com,Lourdes Cornejo Estrada,HUESPED,1,2025-11-04 22:22:31
114,user114,hashed_password,user114@hotel.com,Paco Sobrino Anguita,HUESPED,1,2025-12-13 08:16:53
115,user115,hashed_password,user115@hotel.com,Urbano Campillo Valera,RECEPCIONISTA,1,2024-06-27 19:58:01
116,user116,hashed_password,user116@hotel.com,Ángeles Borja Martínez,RECEPCIONISTA,1,2025-10-26 00:31:32
117,user117,hashed_password,user117@hotel.com,Marcio Barranco Raya,HUESPED,1,2025-10-03 04:05:46
118,user118,hashed_password,user118@hotel.com,Loreto Olivé Millán,HUESPED,1,2024-06-23 06:49:41
119,user119,hashed_password,user119@hotel.com,Alex Alfaro Díez,HUESPED,1,2025-09-27 08:37:21
120,user120,hashed_password,user120@hotel.com,Godofredo Salvador Capdevila,HUESPED,1,2024-06-24 13:53:08
121,user121,hashed_password,user121@hotel.com,Piedad del Checa,HUESPED,1,2025-02-18 04:58:41
122,user122,hashed_password,user122@hotel.com,Carmela Orozco Batalla,HUESPED,1,2025-11-03 02:42:24
123,user123,hashed_password,user123@hotel.com,Natanael Aroca Ortiz,HUESPED,1,2025-03-09 11:31:38
124,user124,hashed_password,user124@hotel.com,Bartolomé de Andres,HUESPED,1,2025-03-27 11:08:35
125,user125,hashed_password,user125@hotel.com,Gustavo Rodriguez Córdoba,HUESPED,1,2025-06-18 12:04:31
126,user126,hashed_password,user126@hotel.com,Gaspar Lledó Hoyos,HUESPED,1,2024-08-19 18:35:08
127,user127,hashed_password,user127@hotel.com,Sancho Tovar Catalán,HUESPED,1,2026-01-08 08:57:21
128,user128,hashed_password,user128@hotel.com,Celia del Alberto,RECEPCIONISTA,1,2025-08-06 03:33:13
129,user129,hashed_password,user129@hotel.com,Modesto Pujol Ballesteros,RECEPCIONISTA,1,2024-07-14 11:09:24
130,user130,hashed_password,user130@hotel.com,Amaro Perelló Alsina,HUESPED,1,2026-01-17 03:34:10
131,user131,hashed_password,user131@hotel.com,Miguel Acuña Sierra,HUESPED,1,2024-06-01 22:19:41
132,user132,hashed_password,user132@hotel.com,Teodora Carrillo Marín,HUESPED,1,2024-10-30 04:05:47
133,user133,hashed_password,user133@hotel.com,Jerónimo Gordillo Narváez,RECEPCIONISTA,1,2024-07-02 01:49:49
134,user134,hashed_password,user134@hotel.com,Itziar de Castro,RECEPCIONISTA,1,2024-05-23 21:24:26
135,user135,hashed_password,user135@hotel.com,Leonor Pedro Olivé,HUESPED,1,2025-11-27 20:02:03
136,user136,hashed_password,user136@hotel.com,Vera Barberá Cabezas,HUESPED,1,2025-01-23 16:19:34
137,user137,hashed_password,user137@hotel.com,Ainoa Mur Sancho,HUESPED,1,2025-10-30 07:29:43
138,user138,hashed_password,user138@hotel.com,Gracia Pi Ordóñez,HUESPED,1,2025-06-10 03:49:34
139,user139,hashed_password,user139@hotel.com,Camilo Revilla Baró,HUESPED,1,2026-05-17 02:39:16
140,user140,hashed_password,user140@hotel.com,Onofre Cuenca Olmedo,HUESPED,1,2024-12-04 20:56:48
141,user141,hashed_password,user141@hotel.com,Nélida Febe Cadenas Cuervo,HUESPED,1,2026-01-21 20:29:59
142,user142,hashed_password,user142@hotel.com,Carlito Alegre,HUESPED,1,2025-10-31 21:54:24
143,user143,hashed_password,user143@hotel.com,Mirta Castrillo,HUESPED,1,2026-04-02 07:16:11
144,user144,hashed_password,user144@hotel.com,Cayetano de Gascón,RECEPCIONISTA,1,2024-10-02 08:22:34
145,user145,hashed_password,user145@hotel.com,Andrés Cortes Durán,HUESPED,1,2025-09-02 00:55:08
146,user146,hashed_password,user146@hotel.com,Pía Royo,HUESPED,1,2024-07-30 02:03:07
147,user147,hashed_password,user147@hotel.com,Benjamín Guardiola Prada,HUESPED,1,2025-05-17 13:56:28
148,user148,hashed_password,user148@hotel.com,Marcio de Catalán,HUESPED,1,2026-01-27 22:52:08
149,user149,hashed_password,user149@hotel.com,Fabiana de Peralta,HUESPED,1,2025-05-22 14:28:07
150,user150,hashed_password,user150@hotel.com,Reynaldo Balduino Peñalver Pont,HUESPED,1,2026-03-02 04:52:00
151,user151,hashed_password,user151@hotel.com,Evelia Lumbreras Quiroga,ADMIN,1,2026-02-28 21:04:26
152,user152,hashed_password,user152@hotel.com,Adán Casals Cuadrado,HUESPED,1,2025-07-27 04:20:51
153,user153,hashed_password,user153@hotel.com,Julie Parra García,HUESPED,1,2026-04-05 20:29:20
154,user154,hashed_password,user154@hotel.com,Rosalía Cueto Rosa,HUESPED,1,2026-03-31 18:45:59
155,user155,hashed_password,user155@hotel.com,Erasmo del Jáuregui,HUESPED,1,2025-02-22 19:32:03
156,user156,hashed_password,user156@hotel.com,Cruz Ferrero Garay,HUESPED,1,2025-04-11 07:00:32
157,user157,hashed_password,user157@hotel.com,Obdulia Téllez Tena,HUESPED,1,2025-01-28 14:18:48
158,user158,hashed_password,user158@hotel.com,Maribel Vilma Castrillo Aragonés,HUESPED,1,2025-04-17 00:31:02
159,user159,hashed_password,user159@hotel.com,Griselda Alarcón Sanjuan,HUESPED,1,2025-10-30 09:11:41
160,user160,hashed_password,user160@hotel.com,Alejandro Ovidio Herrero Peláez,HUESPED,1,2025-11-14 06:36:27
161,user161,hashed_password,user161@hotel.com,Soraya Luján Jordán,HUESPED,1,2025-03-01 13:54:37
162,user162,hashed_password,user162@hotel.com,Gervasio Montes Priego,HUESPED,1,2024-10-20 01:52:01
163,user163,hashed_password,user163@hotel.com,Gema Rosenda Bosch Pou,HUESPED,1,2026-03-08 16:53:15
164,user164,hashed_password,user164@hotel.com,Josefa Amorós Arroyo,RECEPCIONISTA,1,2025-05-26 02:56:24
165,user165,hashed_password,user165@hotel.com,Fátima Iglesias-Ortuño,RECEPCIONISTA,1,2025-11-17 04:39:46
166,user166,hashed_password,user166@hotel.com,Raúl Galván Bravo,HUESPED,1,2025-02-05 22:54:17
167,user167,hashed_password,user167@hotel.com,Desiderio Botella Simó,HUESPED,1,2025-03-05 21:18:38
168,user168,hashed_password,user168@hotel.com,José Casanovas Santamaría,HUESPED,1,2024-09-30 16:42:17
169,user169,hashed_password,user169@hotel.com,Loreto Lucas Ibarra,HUESPED,1,2026-04-26 08:51:46
170,user170,hashed_password,user170@hotel.com,Marcelino Nadal Mínguez,HUESPED,1,2024-09-25 01:27:32
171,user171,hashed_password,user171@hotel.com,Ruben Varela,RECEPCIONISTA,1,2024-09-04 20:11:37
172,user172,hashed_password,user172@hotel.com,Abigaíl Gárate Aparicio,HUESPED,1,2025-05-28 14:54:02
173,user173,hashed_password,user173@hotel.com,Rita Jordán Poza,HUESPED,1,2025-12-04 23:23:33
174,user174,hashed_password,user174@hotel.com,Juan Francisco Alvarez Lledó,HUESPED,1,2025-09-12 01:36:00
175,user175,hashed_password,user175@hotel.com,Adora Márquez,HUESPED,1,2024-06-02 22:24:34
176,user176,hashed_password,user176@hotel.com,Vidal Orozco Alsina,HUESPED,1,2025-02-04 22:34:36
177,user177,hashed_password,user177@hotel.com,Anastasio Quero Tejera,HUESPED,1,2026-04-01 22:52:12
178,user178,hashed_password,user178@hotel.com,Isaura Cortina Martínez,HUESPED,1,2025-12-12 13:44:29
179,user179,hashed_password,user179@hotel.com,Jose Antonio Garmendia Muñoz,HUESPED,1,2025-01-17 23:09:44
180,user180,hashed_password,user180@hotel.com,Salvador Sotelo Zurita,HUESPED,1,2024-11-18 13:19:28
181,user181,hashed_password,user181@hotel.com,Griselda Rodriguez Ramón,HUESPED,1,2026-03-11 07:33:38
182,user182,hashed_password,user182@hotel.com,Faustino Belda Piñol,HUESPED,1,2025-05-20 09:24:57
183,user183,hashed_password,user183@hotel.com,Francisco Javier Sierra,ADMIN,1,2025-03-17 15:45:29
184,user184,hashed_password,user184@hotel.com,Amador Valdés Laguna,HUESPED,1,2024-08-06 01:59:36
185,user185,hashed_password,user185@hotel.com,Fito del Marín,HUESPED,1,2025-09-05 07:10:36
186,user186,hashed_password,user186@hotel.com,Evangelina Martínez Elorza,HUESPED,1,2025-01-03 17:01:33
187,user187,hashed_password,user187@hotel.com,Amado de Niño,RECEPCIONISTA,1,2025-02-08 19:00:24
188,user188,hashed_password,user188@hotel.com,Paola Asenjo Noguera,HUESPED,1,2025-12-06 00:20:26
189,user189,hashed_password,user189@hotel.com,Valentín Teruel-Gallardo,HUESPED,1,2026-05-05 00:10:45
190,user190,hashed_password,user190@hotel.com,Cesar Gabriel Riba Vargas,HUESPED,1,2025-03-23 04:45:09
191,user191,hashed_password,user191@hotel.com,Severino Miranda Cárdenas,HUESPED,1,2024-08-09 14:49:48
192,user192,hashed_password,user192@hotel.com,Fátima Castelló Novoa,HUESPED,1,2024-11-11 00:56:03
193,user193,hashed_password,user193@hotel.com,Begoña Ángeles Jover Correa,HUESPED,1,2024-12-12 07:54:32
194,user194,hashed_password,user194@hotel.com,Ismael de Nuñez,RECEPCIONISTA,1,2025-02-23 22:19:36
195,user195,hashed_password,user195@hotel.com,Timoteo Villaverde Segarra,HUESPED,1,2025-10-23 18:55:21
196,user196,hashed_password,user196@hotel.com,Úrsula de Vizcaíno,RECEPCIONISTA,1,2025-04-25 11:26:37
197,user197,hashed_password,user197@hotel.com,Cesar Saldaña Lamas,HUESPED,1,2024-12-20 00:03:45
198,user198,hashed_password,user198@hotel.com,Leocadio Contreras Lasa,HUESPED,1,2025-09-05 09:28:21
199,user199,hashed_password,user199@hotel.com,Florencio Sureda Machado,ADMIN,1,2024-09-19 16:02:04
200,user200,hashed_password,user200@hotel.com,Arsenio Salvà-Sanjuan,HUESPED,1,2024-11-22 22:50:32
201,user201,hashed_password,user201@hotel.com,Casemiro Asensio Posada,ADMIN,1,2025-01-13 20:22:52
202,user202,hashed_password,user202@hotel.com,Silvio Vila Recio,RECEPCIONISTA,1,2025-04-06 18:06:02
203,user203,hashed_password,user203@hotel.com,Herminia Andres Alonso,HUESPED,1,2024-08-30 20:51:18
204,user204,hashed_password,user204@hotel.com,Manu Carreño,HUESPED,1,2025-02-05 20:48:06
205,user205,hashed_password,user205@hotel.com,Angélica Delgado Guardiola,HUESPED,1,2026-02-07 14:22:41
206,user206,hashed_password,user206@hotel.com,Martina Escalona Verdejo,HUESPED,1,2025-03-29 16:22:31
207,user207,hashed_password,user207@hotel.com,Itziar Portillo-Espada,HUESPED,1,2025-03-28 23:27:29
208,user208,hashed_password,user208@hotel.com,Modesto Ferreras Mármol,HUESPED,1,2024-06-24 20:45:24
209,user209,hashed_password,user209@hotel.com,Ariel Palau Peinado,HUESPED,1,2024-12-23 17:29:16
210,user210,hashed_password,user210@hotel.com,Maristela Barbero-Ferrán,ADMIN,1,2025-11-15 18:22:36
211,user211,hashed_password,user211@hotel.com,Victorino Vega Barrena,HUESPED,1,2026-04-15 11:11:44
212,user212,hashed_password,user212@hotel.com,Elías Quirós Capdevila,HUESPED,1,2024-12-14 21:03:26
213,user213,hashed_password,user213@hotel.com,Raquel Mosquera Marqués,HUESPED,1,2024-08-13 05:35:32
214,user214,hashed_password,user214@hotel.com,Tristán del Menéndez,HUESPED,1,2025-06-22 06:08:34
215,user215,hashed_password,user215@hotel.com,Eutropio Millán Asensio,ADMIN,1,2024-09-13 18:18:46
216,user216,hashed_password,user216@hotel.com,Olegario de Atienza,ADMIN,1,2026-02-21 10:43:02
217,user217,hashed_password,user217@hotel.com,Yéssica Amaya Bustos,HUESPED,1,2026-03-13 20:28:55
218,user218,hashed_password,user218@hotel.com,Lucas Carrasco Porcel,HUESPED,1,2025-10-11 12:51:33
219,user219,hashed_password,user219@hotel.com,Íñigo Angulo Pino,HUESPED,1,2024-07-18 07:35:38
220,user220,hashed_password,user220@hotel.com,Anacleto Tomé,HUESPED,1,2024-11-04 23:47:39
221,user221,hashed_password,user221@hotel.com,Imelda Portero Ferrer,ADMIN,1,2025-03-07 23:36:07
222,user222,hashed_password,user222@hotel.com,Sol Granados,HUESPED,1,2025-06-28 20:07:20
223,user223,hashed_password,user223@hotel.com,Nazaret Priego Diez,HUESPED,1,2024-12-29 16:38:23
224,user224,hashed_password,user224@hotel.com,María Del Carmen Jordana Cal Crespo,HUESPED,1,2024-09-20 13:31:56
225,user225,hashed_password,user225@hotel.com,María Teresa Marqués Lumbreras,HUESPED,1,2026-04-29 00:48:27
226,user226,hashed_password,user226@hotel.com,Vilma Casas Barranco,HUESPED,1,2025-08-13 16:22:12
227,user227,hashed_password,user227@hotel.com,Susanita Román-Zabaleta,HUESPED,1,2026-01-11 18:51:50
228,user228,hashed_password,user228@hotel.com,Genoveva del Acevedo,RECEPCIONISTA,1,2024-09-17 21:46:50
229,user229,hashed_password,user229@hotel.com,Jose Ramón Puga,HUESPED,1,2025-03-31 10:49:59
230,user230,hashed_password,user230@hotel.com,Félix Pastor Saez Estrada,ADMIN,1,2024-08-19 18:00:06
231,user231,hashed_password,user231@hotel.com,Trinidad del Cerezo,HUESPED,1,2025-06-19 10:50:12
232,user232,hashed_password,user232@hotel.com,Silvestre Tomas,HUESPED,1,2025-09-09 06:44:25
233,user233,hashed_password,user233@hotel.com,Carmela Cuevas Ruano,HUESPED,1,2025-12-20 14:01:53
234,user234,hashed_password,user234@hotel.com,Edelmira Cobos Nogués,HUESPED,1,2024-07-10 19:16:44
235,user235,hashed_password,user235@hotel.com,Baldomero Ugarte Revilla,HUESPED,1,2025-10-15 12:10:17
236,user236,hashed_password,user236@hotel.com,Godofredo Agustí Téllez,HUESPED,1,2024-08-17 11:01:56
237,user237,hashed_password,user237@hotel.com,Julio César Melero-Manuel,RECEPCIONISTA,1,2025-09-11 04:47:04
238,user238,hashed_password,user238@hotel.com,Feliciana Doménech Azcona,HUESPED,1,2024-10-30 22:28:13
239,user239,hashed_password,user239@hotel.com,Otilia Carrillo Estrada,HUESPED,1,2025-06-16 17:57:10
240,user240,hashed_password,user240@hotel.com,Elisabet Santiago Prats,HUESPED,1,2025-06-08 01:11:23
241,user241,hashed_password,user241@hotel.com,Brígida Mariana Zabaleta Caparrós,HUESPED,1,2025-12-01 00:42:15
242,user242,hashed_password,user242@hotel.com,Juliana Villaverde Baeza,HUESPED,1,2025-11-20 15:55:24
243,user243,hashed_password,user243@hotel.com,Ariel Luna Alegre,HUESPED,1,2025-07-10 23:29:02
244,user244,hashed_password,user244@hotel.com,Anastasio Calvet-Sabater,RECEPCIONISTA,1,2025-04-28 14:40:08
245,user245,hashed_password,user245@hotel.com,Aroa Olmo Grau,HUESPED,1,2025-07-30 04:21:02
246,user246,hashed_password,user246@hotel.com,Kike Reig,HUESPED,1,2025-04-17 19:34:42
247,user247,hashed_password,user247@hotel.com,Teodosio Donoso Cuesta,HUESPED,1,2025-03-24 15:07:46
248,user248,hashed_password,user248@hotel.com,Bernardita Menendez,HUESPED,1,2025-11-16 11:07:57
249,user249,hashed_password,user249@hotel.com,Ruth Aguilera Oliveras,HUESPED,1,2025-05-05 19:05:35
250,user250,hashed_password,user250@hotel.com,Rosalina Cuesta,HUESPED,1,2025-11-18 23:54:30
251,user251,hashed_password,user251@hotel.com,Modesto Durán-Trujillo,HUESPED,1,2024-05-17 22:34:03
252,user252,hashed_password,user252@hotel.com,Flavio Calderon Sobrino,HUESPED,1,2024-07-06 17:54:08
253,user253,hashed_password,user253@hotel.com,Basilio Baena Arrieta,HUESPED,1,2025-02-22 02:40:28
254,user254,hashed_password,user254@hotel.com,Rocío Dafne Cornejo Diaz,HUESPED,1,2024-07-25 05:13:26
255,user255,hashed_password,user255@hotel.com,Silvestre Aguiló Frutos,ADMIN,1,2024-06-14 14:08:16
256,user256,hashed_password,user256@hotel.com,Socorro Espinosa Riera,ADMIN,1,2024-07-06 14:48:04
257,user257,hashed_password,user257@hotel.com,Natalia Leocadia Bonet Guerrero,HUESPED,1,2025-03-19 09:49:45
258,user258,hashed_password,user258@hotel.com,Apolonia Eugenia Cabello Gallardo,HUESPED,1,2025-10-18 20:24:21
259,user259,hashed_password,user259@hotel.com,Ricarda Almagro Cortina,HUESPED,1,2026-02-01 23:45:43
260,user260,hashed_password,user260@hotel.com,Zaira Miró Aranda,RECEPCIONISTA,1,2024-07-03 14:35:45
261,user261,hashed_password,user261@hotel.com,Inmaculada Pineda Mayo,RECEPCIONISTA,1,2026-01-22 02:25:05
262,user262,hashed_password,user262@hotel.com,Josué Romero,RECEPCIONISTA,1,2026-05-09 01:28:53
263,user263,hashed_password,user263@hotel.com,Loreto Baños Castro,HUESPED,1,2026-02-13 14:25:51
264,user264,hashed_password,user264@hotel.com,Manuelita María Manuela Vallés Pomares,HUESPED,1,2024-10-26 20:35:56
265,user265,hashed_password,user265@hotel.com,Nicanor Angulo-Vera,HUESPED,1,2024-07-21 18:38:30
266,user266,hashed_password,user266@hotel.com,Luis Miguel Borja Méndez,HUESPED,1,2024-06-28 04:40:18
267,user267,hashed_password,user267@hotel.com,Camilo de Gomila,HUESPED,1,2025-01-07 20:08:12
268,user268,hashed_password,user268@hotel.com,Reina Guardiola Garcés,ADMIN,1,2026-03-18 06:35:24
269,user269,hashed_password,user269@hotel.com,Jenaro de Llabrés,HUESPED,1,2024-06-23 19:32:08
270,user270,hashed_password,user270@hotel.com,Olivia Vara-Amaya,HUESPED,1,2026-02-07 10:03:08
271,user271,hashed_password,user271@hotel.com,Santos del Gelabert,HUESPED,1,2024-08-03 20:41:06
272,user272,hashed_password,user272@hotel.com,Alex Ángel,HUESPED,1,2024-08-07 19:23:42
273,user273,hashed_password,user273@hotel.com,Andrés Ojeda Falcón,HUESPED,1,2024-08-08 11:08:12
274,user274,hashed_password,user274@hotel.com,Adolfo Carranza-Puerta,RECEPCIONISTA,1,2024-10-09 21:37:53
275,user275,hashed_password,user275@hotel.com,Pastora Catalina Higueras Palacios,HUESPED,1,2024-09-07 18:51:06
276,user276,hashed_password,user276@hotel.com,Natividad de Zaragoza,HUESPED,1,2026-03-26 22:59:01
277,user277,hashed_password,user277@hotel.com,Isidora Gárate López,HUESPED,1,2024-10-27 12:41:17
278,user278,hashed_password,user278@hotel.com,Amalia Ortiz,HUESPED,1,2026-02-20 16:28:12
279,user279,hashed_password,user279@hotel.com,Amílcar Cortés Planas,HUESPED,1,2024-12-31 19:23:29
280,user280,hashed_password,user280@hotel.com,Sandra Criado Aranda,HUESPED,1,2026-04-20 05:21:59
281,user281,hashed_password,user281@hotel.com,Elodia Diego-Alemany,HUESPED,1,2025-04-18 10:23:01
282,user282,hashed_password,user282@hotel.com,José Luis Ruben Abascal Garzón,HUESPED,1,2025-08-22 17:44:03
283,user283,hashed_password,user283@hotel.com,María Belén Manuelita Mesa Blanca,HUESPED,1,2025-10-12 15:37:40
284,user284,hashed_password,user284@hotel.com,Victoriano Villar,HUESPED,1,2024-05-26 14:04:29
285,user285,hashed_password,user285@hotel.com,Jose Angel Riquelme Garriga,HUESPED,1,2026-01-26 13:14:33
286,user286,hashed_password,user286@hotel.com,Candela Angélica Barberá Cano,RECEPCIONISTA,1,2025-04-01 15:11:48
287,user287,hashed_password,user287@hotel.com,Juan Bautista Marqués Valls,HUESPED,1,2025-12-25 02:28:22
288,user288,hashed_password,user288@hotel.com,Marina Escalona Hoyos,HUESPED,1,2026-05-04 00:02:51
289,user289,hashed_password,user289@hotel.com,Toribio Coello-Aliaga,HUESPED,1,2024-06-25 17:35:44
290,user290,hashed_password,user290@hotel.com,Fabricio del Román,HUESPED,1,2024-10-17 16:24:33
291,user291,hashed_password,user291@hotel.com,Marta Mata Sanz,HUESPED,1,2024-07-31 01:53:11
292,user292,hashed_password,user292@hotel.com,Segismundo Cañellas-Ramis,HUESPED,1,2024-11-17 08:08:52
293,user293,hashed_password,user293@hotel.com,Edgardo Ribera Maldonado,HUESPED,1,2026-05-14 05:48:45
294,user294,hashed_password,user294@hotel.com,Chus Aliaga Cervantes,HUESPED,1,2024-09-30 11:51:30
295,user295,hashed_password,user295@hotel.com,Rodolfo Alba-Piña,HUESPED,1,2025-11-03 21:45:39
296,user296,hashed_password,user296@hotel.com,Poncio Duran,HUESPED,1,2024-06-14 07:45:10
297,user297,hashed_password,user297@hotel.com,José María Eric Mate Reguera,HUESPED,1,2025-01-19 06:34:50
298,user298,hashed_password,user298@hotel.com,Federico Alvarado Cabezas,HUESPED,1,2025-05-09 23:15:17
299,user299,hashed_password,user299@hotel.com,Ulises del Contreras,HUESPED,1,2025-02-27 12:23:18
300,user300,hashed_password,user300@hotel.com,Herminio Escobar Gutiérrez,RECEPCIONISTA,1,2025-07-27 13:16:28
301,user301,hashed_password,user301@hotel.com,Eusebio Bejarano Amigó,RECEPCIONISTA,1,2024-07-12 08:21:45
302,user302,hashed_password,user302@hotel.com,Eliana Esteban Puerta,HUESPED,1,2025-01-25 01:52:57
303,user303,hashed_password,user303@hotel.com,Ascensión Talavera Rebollo,HUESPED,1,2024-10-13 12:54:33
304,user304,hashed_password,user304@hotel.com,Ileana Pelayo Calvet,HUESPED,1,2025-06-10 09:30:44
305,user305,hashed_password,user305@hotel.com,Rosalina Eligia Ortiz Perera,HUESPED,1,2026-01-22 09:23:57
306,user306,hashed_password,user306@hotel.com,Edu Basilio Figuerola Bustos,HUESPED,1,2025-09-29 04:58:11
307,user307,hashed_password,user307@hotel.com,Lalo Santos Miró Sanjuan,HUESPED,1,2025-11-20 17:56:23
308,user308,hashed_password,user308@hotel.com,Aarón del Ferrández,RECEPCIONISTA,1,2024-05-29 21:51:27
309,user309,hashed_password,user309@hotel.com,Baldomero Peiró Granados,HUESPED,1,2024-07-06 02:02:42
310,user310,hashed_password,user310@hotel.com,Carmelita Blanca Zaragoza,RECEPCIONISTA,1,2024-09-24 13:31:11
311,user311,hashed_password,user311@hotel.com,Álvaro Cabo Barrios,RECEPCIONISTA,1,2025-02-25 22:30:47
312,user312,hashed_password,user312@hotel.com,Eladio Torrent Doménech,HUESPED,1,2025-07-23 11:12:34
313,user313,hashed_password,user313@hotel.com,Selena de Cuervo,HUESPED,1,2026-01-03 23:49:01
314,user314,hashed_password,user314@hotel.com,Marcelo Segura Vilanova,HUESPED,1,2025-08-08 02:26:22
315,user315,hashed_password,user315@hotel.com,Osvaldo Catalá Torrens,HUESPED,1,2026-03-23 06:55:25
316,user316,hashed_password,user316@hotel.com,Nilda Santamaría-Vallejo,RECEPCIONISTA,1,2025-11-17 02:33:56
317,user317,hashed_password,user317@hotel.com,Leandro Morante Leal,HUESPED,1,2024-09-10 16:09:32
318,user318,hashed_password,user318@hotel.com,Francisco Pizarro Alvarez,HUESPED,1,2024-07-21 11:47:07
319,user319,hashed_password,user319@hotel.com,Guillermo Castilla Ordóñez,HUESPED,1,2024-10-31 05:19:43
320,user320,hashed_password,user320@hotel.com,Itziar Fuertes Ayala,RECEPCIONISTA,1,2026-01-07 03:06:39
321,user321,hashed_password,user321@hotel.com,Evelia Miriam Carpio Olivera,RECEPCIONISTA,1,2025-03-05 03:46:15
322,user322,hashed_password,user322@hotel.com,Héctor Aller Cabello,ADMIN,1,2024-11-30 11:43:13
323,user323,hashed_password,user323@hotel.com,Angelino Amando Maestre Villalonga,HUESPED,1,2025-07-03 15:39:07
324,user324,hashed_password,user324@hotel.com,Anastasio del Rincón,RECEPCIONISTA,1,2024-07-30 22:34:05
325,user325,hashed_password,user325@hotel.com,Andrés Felipe Pablo Caro,HUESPED,1,2024-12-03 03:31:10
326,user326,hashed_password,user326@hotel.com,Borja de Quintana,HUESPED,1,2026-04-26 05:36:25
327,user327,hashed_password,user327@hotel.com,Yéssica Sala,HUESPED,1,2025-04-03 00:43:27
328,user328,hashed_password,user328@hotel.com,Teodora Haro Miralles,RECEPCIONISTA,1,2025-10-13 05:25:05
329,user329,hashed_password,user329@hotel.com,Bibiana de Gallo,HUESPED,1,2024-07-07 02:59:21
330,user330,hashed_password,user330@hotel.com,Sabas Danilo Alvarez Frutos,RECEPCIONISTA,1,2025-12-16 10:14:20
331,user331,hashed_password,user331@hotel.com,Esther Angelina Mateos Lucas,HUESPED,1,2025-01-16 03:56:07
332,user332,hashed_password,user332@hotel.com,Ángela Ordóñez Solano,HUESPED,1,2025-03-25 21:42:06
333,user333,hashed_password,user333@hotel.com,Haydée Verdugo Valentín,HUESPED,1,2025-10-09 08:20:41
334,user334,hashed_password,user334@hotel.com,Rosa María Andres Mayol,HUESPED,1,2025-07-27 23:36:29
335,user335,hashed_password,user335@hotel.com,Balduino Ponce Caballero,RECEPCIONISTA,1,2025-08-05 12:50:28
336,user336,hashed_password,user336@hotel.com,Griselda Asensio-Sola,RECEPCIONISTA,1,2024-10-18 08:51:11
337,user337,hashed_password,user337@hotel.com,Encarna Herranz Guzman,HUESPED,1,2024-12-27 15:53:15
338,user338,hashed_password,user338@hotel.com,Graciela Mariño Palomino,HUESPED,1,2025-09-07 17:56:57
339,user339,hashed_password,user339@hotel.com,Toni Lucas Asensio,HUESPED,1,2024-07-06 12:19:53
340,user340,hashed_password,user340@hotel.com,Juan Carlos del Talavera,HUESPED,1,2025-06-01 21:40:26
341,user341,hashed_password,user341@hotel.com,Jessica Goñi-Cabello,HUESPED,1,2026-04-29 16:51:57
342,user342,hashed_password,user342@hotel.com,Esteban Sastre-García,HUESPED,1,2024-09-11 23:56:59
343,user343,hashed_password,user343@hotel.com,Toribio Cuevas Bartolomé,HUESPED,1,2024-10-05 07:18:13
344,user344,hashed_password,user344@hotel.com,Vidal Vara Arana,HUESPED,1,2025-10-21 10:36:54
345,user345,hashed_password,user345@hotel.com,Reyes Alcaraz Palma,HUESPED,1,2025-04-02 20:03:15
346,user346,hashed_password,user346@hotel.com,Pío Goyo Uría Lobo,RECEPCIONISTA,1,2024-12-17 18:46:53
347,user347,hashed_password,user347@hotel.com,Leopoldo Perales Márquez,ADMIN,1,2024-10-10 17:14:14
348,user348,hashed_password,user348@hotel.com,Herminia Cerezo Casanovas,HUESPED,1,2025-12-04 09:06:44
349,user349,hashed_password,user349@hotel.com,Amado Rubio Acosta,HUESPED,1,2024-06-10 03:10:56
350,user350,hashed_password,user350@hotel.com,Buenaventura Duran Rivera,HUESPED,1,2026-01-01 04:19:40
351,user351,hashed_password,user351@hotel.com,Luciana Amaya Barba Peiró,ADMIN,1,2025-11-10 03:49:55
352,user352,hashed_password,user352@hotel.com,Ruperto de Herrera,HUESPED,1,2025-11-14 18:59:59
353,user353,hashed_password,user353@hotel.com,Daniel Daza Cabo,RECEPCIONISTA,1,2025-04-25 14:49:59
354,user354,hashed_password,user354@hotel.com,Celso Riba Aranda,HUESPED,1,2024-07-20 11:12:00
355,user355,hashed_password,user355@hotel.com,Felix Larrañaga Fuentes,ADMIN,1,2026-03-27 01:04:08
356,user356,hashed_password,user356@hotel.com,Carlota del Feliu,HUESPED,1,2024-11-11 15:16:20
357,user357,hashed_password,user357@hotel.com,Leandra Luque-Galvez,ADMIN,1,2025-05-16 01:07:08
358,user358,hashed_password,user358@hotel.com,Rico Pareja Téllez,HUESPED,1,2026-03-01 16:12:14
359,user359,hashed_password,user359@hotel.com,Lorena Ramona Alsina Aguiló,HUESPED,1,2025-05-31 09:51:20
360,user360,hashed_password,user360@hotel.com,Marianela Osuna Vaquero,HUESPED,1,2025-05-01 11:02:00
361,user361,hashed_password,user361@hotel.com,Bartolomé Rivas Lastra,HUESPED,1,2025-03-28 15:34:15
362,user362,hashed_password,user362@hotel.com,Calixta Sales,HUESPED,1,2026-03-19 15:32:36
363,user363,hashed_password,user363@hotel.com,Marisol Belda Durán,HUESPED,1,2025-03-06 11:32:39
364,user364,hashed_password,user364@hotel.com,Bonifacio Marin Garriga,HUESPED,1,2024-11-11 12:01:33
365,user365,hashed_password,user365@hotel.com,Nydia Vazquez Alarcón,HUESPED,1,2025-07-26 18:31:57
366,user366,hashed_password,user366@hotel.com,Hermenegildo Real Ávila,HUESPED,1,2025-04-03 15:25:19
367,user367,hashed_password,user367@hotel.com,Araceli Lerma Llorens,HUESPED,1,2025-09-22 08:24:55
368,user368,hashed_password,user368@hotel.com,Diana Suarez-Domínguez,HUESPED,1,2024-07-03 18:24:03
369,user369,hashed_password,user369@hotel.com,Remigio Ferrer Polo,HUESPED,1,2024-09-14 05:55:34
370,user370,hashed_password,user370@hotel.com,Eutimio Ruiz Luz,RECEPCIONISTA,1,2025-06-09 05:06:30
371,user371,hashed_password,user371@hotel.com,María Dolores Ricart,HUESPED,1,2024-08-13 03:00:50
372,user372,hashed_password,user372@hotel.com,Flavio Juliá Carbajo,HUESPED,1,2025-04-07 23:01:31
373,user373,hashed_password,user373@hotel.com,Soledad Socorro Taboada Roldán,HUESPED,1,2025-08-19 22:56:04
374,user374,hashed_password,user374@hotel.com,Martina Castelló Barberá,HUESPED,1,2025-11-20 15:38:50
375,user375,hashed_password,user375@hotel.com,Lorenzo Duran Iriarte,HUESPED,1,2025-08-02 00:21:06
376,user376,hashed_password,user376@hotel.com,Emilio Adadia Fábregas,HUESPED,1,2024-11-24 11:07:26
377,user377,hashed_password,user377@hotel.com,Jordán Carvajal Caparrós,HUESPED,1,2025-10-29 08:46:37
378,user378,hashed_password,user378@hotel.com,Bonifacio de Rivero,HUESPED,1,2025-07-01 01:58:29
379,user379,hashed_password,user379@hotel.com,Saturnino Andreu Palau,HUESPED,1,2025-09-30 10:36:01
380,user380,hashed_password,user380@hotel.com,Eleuterio Coronado Riera,HUESPED,1,2025-06-21 07:59:53
381,user381,hashed_password,user381@hotel.com,Yésica de Villa,HUESPED,1,2025-06-22 03:17:09
382,user382,hashed_password,user382@hotel.com,Elpidio Azcona Ugarte,HUESPED,1,2024-07-05 22:20:10
383,user383,hashed_password,user383@hotel.com,Alma Uribe Campillo,HUESPED,1,2025-06-24 17:52:30
384,user384,hashed_password,user384@hotel.com,Consuelo Atienza,HUESPED,1,2025-02-28 05:45:20
385,user385,hashed_password,user385@hotel.com,Ibán Tomás,HUESPED,1,2024-07-28 06:06:14
386,user386,hashed_password,user386@hotel.com,Lorenzo Batalla-Lasa,HUESPED,1,2024-07-26 17:53:09
387,user387,hashed_password,user387@hotel.com,Jenaro Pedrero Arregui,HUESPED,1,2024-11-19 18:36:26
388,user388,hashed_password,user388@hotel.com,Ángela Juárez Roca,HUESPED,1,2025-08-05 07:51:45
389,user389,hashed_password,user389@hotel.com,Isabela Donaire Murcia,RECEPCIONISTA,1,2025-08-19 20:47:15
390,user390,hashed_password,user390@hotel.com,Mohamed Bauzà Garrido,HUESPED,1,2024-07-22 11:21:52
391,user391,hashed_password,user391@hotel.com,Ascensión Larrañaga Viñas,RECEPCIONISTA,1,2025-06-03 09:51:27
392,user392,hashed_password,user392@hotel.com,Jacobo Roman Cabello,HUESPED,1,2025-08-25 10:51:19
393,user393,hashed_password,user393@hotel.com,Curro de Ayllón,HUESPED,1,2026-01-15 02:54:42
394,user394,hashed_password,user394@hotel.com,Wilfredo Villa Zurita,HUESPED,1,2025-03-19 02:05:26
395,user395,hashed_password,user395@hotel.com,Eleuterio Miranda Santamaría,HUESPED,1,2024-06-05 08:39:01
396,user396,hashed_password,user396@hotel.com,Jacinto Parra-Lobo,HUESPED,1,2025-06-07 10:50:34
397,user397,hashed_password,user397@hotel.com,Bruno Salvà-Llobet,HUESPED,1,2025-07-30 09:13:31
398,user398,hashed_password,user398@hotel.com,Bernabé Nadal Zaragoza,HUESPED,1,2024-08-06 19:43:19
399,user399,hashed_password,user399@hotel.com,Gala Calixta Jaén Pareja,HUESPED,1,2025-07-23 03:57:40
400,user400,hashed_password,user400@hotel.com,Eva Reyes Aguirre,HUESPED,1,2025-03-26 04:28:48
401,user401,hashed_password,user401@hotel.com,José María de Tejada,HUESPED,1,2026-03-08 23:26:53
402,user402,hashed_password,user402@hotel.com,Máximo Carreras Pons,HUESPED,1,2025-03-02 00:19:01
403,user403,hashed_password,user403@hotel.com,Esther Ribera Zamora,HUESPED,1,2024-05-31 02:45:41
404,user404,hashed_password,user404@hotel.com,Tadeo Perelló Roldán,RECEPCIONISTA,1,2024-07-10 23:46:45
405,user405,hashed_password,user405@hotel.com,Isidora Pineda Vergara,HUESPED,1,2024-07-31 18:23:51
406,user406,hashed_password,user406@hotel.com,Anita Roca Mora,HUESPED,1,2026-03-24 11:40:01
407,user407,hashed_password,user407@hotel.com,Enrique Bayo Garzón,HUESPED,1,2024-05-21 05:21:16
408,user408,hashed_password,user408@hotel.com,Dolores Baena,HUESPED,1,2025-11-24 17:26:53
409,user409,hashed_password,user409@hotel.com,Fito Azorin Folch,HUESPED,1,2025-05-03 07:03:20
410,user410,hashed_password,user410@hotel.com,Edu Leocadio Velázquez Aramburu,HUESPED,1,2026-04-20 14:51:19
411,user411,hashed_password,user411@hotel.com,África Tejada Seco,HUESPED,1,2025-12-17 21:15:11
412,user412,hashed_password,user412@hotel.com,Febe del Marti,HUESPED,1,2024-09-04 08:01:26
413,user413,hashed_password,user413@hotel.com,Marita Villalba Simó,HUESPED,1,2026-02-22 16:16:36
414,user414,hashed_password,user414@hotel.com,Amancio Cisneros Buendía,HUESPED,1,2025-05-06 05:37:23
415,user415,hashed_password,user415@hotel.com,Hernando Morales Uriarte,HUESPED,1,2025-03-07 20:39:44
416,user416,hashed_password,user416@hotel.com,Daniel Collado-Coll,HUESPED,1,2025-10-24 14:00:16
417,user417,hashed_password,user417@hotel.com,Emiliana Palomar,HUESPED,1,2024-08-18 19:22:29
418,user418,hashed_password,user418@hotel.com,Manu Rodríguez Menendez,HUESPED,1,2024-10-20 03:03:21
419,user419,hashed_password,user419@hotel.com,Agustina Alcalá,HUESPED,1,2024-09-10 17:11:41
420,user420,hashed_password,user420@hotel.com,Constanza Velázquez Sevilla,HUESPED,1,2025-04-07 03:34:12
421,user421,hashed_password,user421@hotel.com,Lucio Manuel Pol,HUESPED,1,2024-11-12 17:43:15
422,user422,hashed_password,user422@hotel.com,Joaquina Carreras-Castilla,HUESPED,1,2024-11-28 07:09:07
423,user423,hashed_password,user423@hotel.com,Albert Jimenez Echeverría,HUESPED,1,2025-11-09 23:26:15
424,user424,hashed_password,user424@hotel.com,Joel Corral Pedro,HUESPED,1,2025-11-25 04:23:31
425,user425,hashed_password,user425@hotel.com,Marisol Morán Luque,HUESPED,1,2025-12-25 16:57:58
426,user426,hashed_password,user426@hotel.com,Duilio Vilanova Exposito,HUESPED,1,2025-09-25 08:03:48
427,user427,hashed_password,user427@hotel.com,Rosaura Pallarès-Arévalo,HUESPED,1,2026-03-21 21:40:55
428,user428,hashed_password,user428@hotel.com,Hernando Quintero Hoyos,HUESPED,1,2025-03-30 06:47:17
429,user429,hashed_password,user429@hotel.com,Vinicio Moles Gibert,HUESPED,1,2026-04-18 21:31:55
430,user430,hashed_password,user430@hotel.com,Áurea Ferrándiz-Yáñez,HUESPED,1,2024-11-27 00:19:45
431,user431,hashed_password,user431@hotel.com,Carmina del Cortes,HUESPED,1,2026-02-27 15:29:05
432,user432,hashed_password,user432@hotel.com,Victoriano Román Bello Martí,HUESPED,1,2025-10-05 05:58:41
433,user433,hashed_password,user433@hotel.com,Belén Mir-Gabaldón,HUESPED,1,2025-09-03 03:48:33
434,user434,hashed_password,user434@hotel.com,Quique Ruiz-Villegas,ADMIN,1,2025-03-03 02:12:14
435,user435,hashed_password,user435@hotel.com,Josefina Mateo Pinilla,HUESPED,1,2026-04-19 17:13:55
436,user436,hashed_password,user436@hotel.com,Chus Torrent Tomé,HUESPED,1,2025-08-09 20:58:56
437,user437,hashed_password,user437@hotel.com,Bárbara Bauzà Rozas,HUESPED,1,2024-10-07 05:42:25
438,user438,hashed_password,user438@hotel.com,Gisela Odalys Casanovas Almagro,HUESPED,1,2025-10-26 00:57:19
439,user439,hashed_password,user439@hotel.com,Azucena Fábregas Plana,HUESPED,1,2026-04-18 21:09:20
440,user440,hashed_password,user440@hotel.com,Nicolasa Lara,HUESPED,1,2024-08-04 08:32:53
441,user441,hashed_password,user441@hotel.com,Candelas Anglada Abad,HUESPED,1,2025-02-10 21:09:57
442,user442,hashed_password,user442@hotel.com,Socorro Agustí Amigó,ADMIN,1,2025-01-14 19:40:50
443,user443,hashed_password,user443@hotel.com,Jacobo Fabricio Laguna Cerdá,HUESPED,1,2025-05-03 00:45:51
444,user444,hashed_password,user444@hotel.com,Isaura Casanova Fernandez,ADMIN,1,2025-05-27 07:50:35
445,user445,hashed_password,user445@hotel.com,Jonatan Barriga Vigil,RECEPCIONISTA,1,2026-05-11 12:16:13
446,user446,hashed_password,user446@hotel.com,Jafet Marí Juárez,HUESPED,1,2025-02-09 22:43:20
447,user447,hashed_password,user447@hotel.com,Sarita María Carmen Cuevas Almeida,HUESPED,1,2024-11-14 12:49:05
448,user448,hashed_password,user448@hotel.com,Cebrián Gimeno Meléndez,HUESPED,1,2026-03-29 10:39:12
449,user449,hashed_password,user449@hotel.com,Eligia Manzanares Ocaña,HUESPED,1,2025-07-14 15:11:48
450,user450,hashed_password,user450@hotel.com,Azahar Ferrero Somoza,HUESPED,1,2025-04-26 09:29:51
451,user451,hashed_password,user451@hotel.com,Juan Bautista Arjona,RECEPCIONISTA,1,2025-12-02 06:53:50
452,user452,hashed_password,user452@hotel.com,Aureliano Arce,HUESPED,1,2024-07-27 09:18:58
453,user453,hashed_password,user453@hotel.com,Epifanio Abril-Pedrero,HUESPED,1,2025-01-30 20:22:32
454,user454,hashed_password,user454@hotel.com,Martín Gascón Blanca,HUESPED,1,2025-10-11 09:14:00
455,user455,hashed_password,user455@hotel.com,Espiridión Esparza,HUESPED,1,2025-12-24 00:53:31
456,user456,hashed_password,user456@hotel.com,Josefa Piñeiro Barreda,HUESPED,1,2025-11-24 01:59:03
457,user457,hashed_password,user457@hotel.com,Celestino Mateu Vélez,HUESPED,1,2025-05-17 07:10:55
458,user458,hashed_password,user458@hotel.com,Bartolomé Tormo Criado,HUESPED,1,2024-12-15 04:05:12
459,user459,hashed_password,user459@hotel.com,Tristán Sebastian Segovia Luján,HUESPED,1,2025-03-23 06:13:33
460,user460,hashed_password,user460@hotel.com,Pacífica Hernández,HUESPED,1,2025-03-24 11:27:20
461,user461,hashed_password,user461@hotel.com,Gracia Lucena-Garcés,HUESPED,1,2025-01-19 15:17:59
462,user462,hashed_password,user462@hotel.com,Víctor Castro Solé,HUESPED,1,2024-11-21 01:13:35
463,user463,hashed_password,user463@hotel.com,Pastor Escamilla Villegas,HUESPED,1,2024-11-20 20:01:11
464,user464,hashed_password,user464@hotel.com,Natalio Virgilio Haro Julián,HUESPED,1,2025-03-29 10:38:52
465,user465,hashed_password,user465@hotel.com,Guiomar Soria,HUESPED,1,2025-12-14 02:54:53
466,user466,hashed_password,user466@hotel.com,Efraín Valero Garriga,HUESPED,1,2026-04-26 02:48:44
467,user467,hashed_password,user467@hotel.com,Roberto Molins Aparicio,HUESPED,1,2025-11-30 13:39:19
468,user468,hashed_password,user468@hotel.com,Pili Alegre Roselló,HUESPED,1,2024-06-06 13:41:10
469,user469,hashed_password,user469@hotel.com,Noé Feliu Cabrero,HUESPED,1,2024-06-02 05:34:19
470,user470,hashed_password,user470@hotel.com,Eliana Ribes Solera,HUESPED,1,2025-05-03 08:45:46
471,user471,hashed_password,user471@hotel.com,Venceslás Salvador Vigil,HUESPED,1,2025-09-17 11:17:39
472,user472,hashed_password,user472@hotel.com,Guadalupe Villalonga-Macías,HUESPED,1,2024-07-04 07:20:21
473,user473,hashed_password,user473@hotel.com,Cayetana Barragán Salas,HUESPED,1,2025-05-23 20:18:22
474,user474,hashed_password,user474@hotel.com,Emilio Régulo Prats Pinedo,HUESPED,1,2024-06-20 03:30:57
475,user475,hashed_password,user475@hotel.com,Etelvina Ropero Saura,HUESPED,1,2024-08-31 16:53:06
476,user476,hashed_password,user476@hotel.com,Rosaura Ramirez Álvarez,RECEPCIONISTA,1,2024-12-14 22:24:28
477,user477,hashed_password,user477@hotel.com,Olga Martin Valdés,HUESPED,1,2024-08-30 04:10:12
478,user478,hashed_password,user478@hotel.com,Paco Vazquez-Esteve,HUESPED,1,2025-08-27 12:04:46
479,user479,hashed_password,user479@hotel.com,Zacarías Pavón-Rius,RECEPCIONISTA,1,2025-01-14 09:58:20
480,user480,hashed_password,user480@hotel.com,Marcos Samper,HUESPED,1,2025-09-17 21:02:30
481,user481,hashed_password,user481@hotel.com,Mateo del Ramis,HUESPED,1,2025-08-25 15:55:20
482,user482,hashed_password,user482@hotel.com,Ernesto Cózar Ruano,HUESPED,1,2024-08-11 12:49:24
483,user483,hashed_password,user483@hotel.com,Florina María Jesús Catalán Armas,HUESPED,1,2025-12-10 00:18:08
484,user484,hashed_password,user484@hotel.com,Griselda del Pons,HUESPED,1,2025-01-26 05:14:11
485,user485,hashed_password,user485@hotel.com,Aránzazu Adelina Bas Márquez,RECEPCIONISTA,1,2025-01-05 02:21:54
486,user486,hashed_password,user486@hotel.com,Laura Bernat Piña,ADMIN,1,2024-10-07 14:50:48
487,user487,hashed_password,user487@hotel.com,Carlos Ariño Gutierrez,HUESPED,1,2024-09-24 19:16:13
488,user488,hashed_password,user488@hotel.com,Delia Rufina Vaquero Gras,HUESPED,1,2024-11-27 09:55:05
489,user489,hashed_password,user489@hotel.com,Marcio Roldan-Saura,HUESPED,1,2026-03-14 13:33:11
490,user490,hashed_password,user490@hotel.com,Ligia Torrijos Simó,HUESPED,1,2024-08-25 09:35:32
491,user491,hashed_password,user491@hotel.com,Rosalía Cerdán-Priego,HUESPED,1,2025-05-12 20:03:27
492,user492,hashed_password,user492@hotel.com,Jose Manuel Chacón Sastre,HUESPED,1,2024-10-23 20:54:47
493,user493,hashed_password,user493@hotel.com,Rosalía Leire Torre Cortés,HUESPED,1,2024-07-29 22:40:28
494,user494,hashed_password,user494@hotel.com,Victor Manuel Carballo Bárcena,HUESPED,1,2025-05-11 08:53:22
495,user495,hashed_password,user495@hotel.com,Roxana Catalina Moles Benet,HUESPED,1,2025-02-24 04:50:45
496,user496,hashed_password,user496@hotel.com,Sofía Morera Carbó,HUESPED,1,2026-02-20 19:42:31
497,user497,hashed_password,user497@hotel.com,Hilario Uriarte Lluch,HUESPED,1,2025-01-04 02:42:01
498,user498,hashed_password,user498@hotel.com,Gerónimo Garay Azcona,HUESPED,1,2025-05-18 21:47:14
499,user499,hashed_password,user499@hotel.com,Eloy Román Lopez Codina,HUESPED,1,2024-11-29 08:58:15
500,user500,hashed_password,user500@hotel.com,Juan Luis Tristán Gascón Cobos,HUESPED,1,2024-05-31 21:56:14
501,user501,hashed_password,user501@hotel.com,Pilar del Amo,HUESPED,1,2026-03-22 17:38:39
502,user502,hashed_password,user502@hotel.com,Griselda Catalá Espada,HUESPED,1,2024-11-24 10:51:11
503,user503,hashed_password,user503@hotel.com,Berta Mercader Fajardo,HUESPED,1,2025-07-04 02:56:02
504,user504,hashed_password,user504@hotel.com,Vicenta Sebastián Almeida,HUESPED,1,2024-08-16 13:59:40
505,user505,hashed_password,user505@hotel.com,Maribel Mayol,HUESPED,1,2024-05-28 20:52:08
506,user506,hashed_password,user506@hotel.com,Pánfilo Rozas Valle,HUESPED,1,2025-09-22 15:54:21
507,user507,hashed_password,user507@hotel.com,Amando Contreras Benitez,HUESPED,1,2025-12-18 05:10:10
508,user508,hashed_password,user508@hotel.com,Bartolomé Nevado-Castellanos,HUESPED,1,2024-12-17 04:24:53
509,user509,hashed_password,user509@hotel.com,Valentina Gibert,HUESPED,1,2025-06-01 09:00:48
510,user510,hashed_password,user510@hotel.com,José Antonio Bravo Alarcón,HUESPED,1,2026-04-27 21:26:42
511,user511,hashed_password,user511@hotel.com,Montserrat Armas-Manrique,HUESPED,1,2024-11-15 22:57:29
512,user512,hashed_password,user512@hotel.com,Iker Ortega Fuster,HUESPED,1,2025-12-09 16:40:11
513,user513,hashed_password,user513@hotel.com,Severiano Daza Mata,HUESPED,1,2025-03-28 19:27:24
514,user514,hashed_password,user514@hotel.com,Isidoro Lopez Canet,HUESPED,1,2025-02-16 17:16:47
515,user515,hashed_password,user515@hotel.com,Cebrián Acevedo Paredes,HUESPED,1,2024-12-24 17:27:25
516,user516,hashed_password,user516@hotel.com,Carmelita Nuñez,HUESPED,1,2025-05-31 23:21:20
517,user517,hashed_password,user517@hotel.com,Íngrid Mónica Checa Tolosa,HUESPED,1,2025-08-22 02:36:48
518,user518,hashed_password,user518@hotel.com,Eladio Frías Navas,HUESPED,1,2024-11-23 11:01:37
519,user519,hashed_password,user519@hotel.com,Joan Arcos Navas,HUESPED,1,2024-08-13 17:53:36
520,user520,hashed_password,user520@hotel.com,Jeremías de Pedrero,HUESPED,1,2025-06-24 23:47:56
521,user521,hashed_password,user521@hotel.com,Adriana Alfonso Pomares,ADMIN,1,2026-01-29 16:07:16
522,user522,hashed_password,user522@hotel.com,Florina Valderrama Peinado,HUESPED,1,2024-06-16 13:51:51
523,user523,hashed_password,user523@hotel.com,José Manuel Fulgencio Mena Palacios,HUESPED,1,2026-03-13 23:25:56
524,user524,hashed_password,user524@hotel.com,Juan Antonio Jonatan Ribes Mulet,HUESPED,1,2025-04-18 03:53:49
525,user525,hashed_password,user525@hotel.com,Jacinto Cañete Palma,HUESPED,1,2025-09-27 16:35:33
526,user526,hashed_password,user526@hotel.com,Eli Oller Hoz,HUESPED,1,2024-10-07 14:43:01
527,user527,hashed_password,user527@hotel.com,Samanta Iborra-Lara,RECEPCIONISTA,1,2025-04-26 09:00:53
528,user528,hashed_password,user528@hotel.com,Lorenza Molina Cobo,HUESPED,1,2024-07-07 03:31:32
529,user529,hashed_password,user529@hotel.com,Chus Moya Exposito,HUESPED,1,2024-11-02 10:25:30
530,user530,hashed_password,user530@hotel.com,Rita Prudencia Correa Manuel,HUESPED,1,2024-12-16 07:42:29
531,user531,hashed_password,user531@hotel.com,Sabina Morell,HUESPED,1,2026-01-25 11:38:46
532,user532,hashed_password,user532@hotel.com,Nicolasa Manrique,HUESPED,1,2025-02-08 09:03:17
533,user533,hashed_password,user533@hotel.com,María Manuela Ramirez Hernández,HUESPED,1,2025-07-16 10:30:45
534,user534,hashed_password,user534@hotel.com,Malena Verdú Marco,HUESPED,1,2025-07-30 12:28:08
535,user535,hashed_password,user535@hotel.com,Paloma de Puente,HUESPED,1,2025-11-09 21:53:46
536,user536,hashed_password,user536@hotel.com,Sandalio Benavente Andreu,HUESPED,1,2025-07-13 18:19:29
537,user537,hashed_password,user537@hotel.com,Maximiliano Jáuregui Tejedor,HUESPED,1,2024-12-29 05:09:46
538,user538,hashed_password,user538@hotel.com,Sebastián Tejero Aguirre,HUESPED,1,2025-07-19 01:05:21
539,user539,hashed_password,user539@hotel.com,Belén Valenzuela Monreal,HUESPED,1,2026-03-25 20:08:47
540,user540,hashed_password,user540@hotel.com,Adán Pardo-Abellán,HUESPED,1,2024-06-09 01:51:27
541,user541,hashed_password,user541@hotel.com,Guillermo Peñas Acedo,HUESPED,1,2025-07-04 01:40:41
542,user542,hashed_password,user542@hotel.com,Luis Miguel Martin Baquero,ADMIN,1,2024-07-04 17:32:47
543,user543,hashed_password,user543@hotel.com,Angelita de Gallardo,HUESPED,1,2024-07-10 18:43:38
544,user544,hashed_password,user544@hotel.com,Carmelo de Monreal,HUESPED,1,2026-05-11 09:12:27
545,user545,hashed_password,user545@hotel.com,Bibiana Balaguer Padilla,HUESPED,1,2026-05-08 05:56:46
546,user546,hashed_password,user546@hotel.com,María Del Carmen Rubio-Peinado,HUESPED,1,2025-12-24 12:47:08
547,user547,hashed_password,user547@hotel.com,Jesusa Salinas Puig,ADMIN,1,2024-11-28 15:28:46
548,user548,hashed_password,user548@hotel.com,Amílcar de Real,HUESPED,1,2025-08-12 05:04:56
549,user549,hashed_password,user549@hotel.com,Alexandra Ródenas Figueras,HUESPED,1,2024-06-12 11:15:58
550,user550,hashed_password,user550@hotel.com,Hugo Coll Arce,HUESPED,1,2026-03-25 10:14:39
551,user551,hashed_password,user551@hotel.com,Ramón Quintanilla Gallart,HUESPED,1,2026-01-13 04:55:07
552,user552,hashed_password,user552@hotel.com,Angélica de Núñez,HUESPED,1,2025-11-07 19:55:14
553,user553,hashed_password,user553@hotel.com,Eloy Mateo,HUESPED,1,2024-06-23 23:54:09
554,user554,hashed_password,user554@hotel.com,Ángeles Amaya Cano,HUESPED,1,2025-09-08 00:48:14
555,user555,hashed_password,user555@hotel.com,Teobaldo Mateo Roma,RECEPCIONISTA,1,2024-11-22 16:36:43
556,user556,hashed_password,user556@hotel.com,Diego Conde Aragón,HUESPED,1,2025-11-16 15:54:10
557,user557,hashed_password,user557@hotel.com,Lisandro Gracia Llorente,HUESPED,1,2024-05-22 00:13:18
558,user558,hashed_password,user558@hotel.com,Hipólito Pina Estrada,ADMIN,1,2024-07-27 14:42:06
559,user559,hashed_password,user559@hotel.com,Sebastián Gimeno,HUESPED,1,2025-08-14 09:00:52
560,user560,hashed_password,user560@hotel.com,Toño Fortuny Cerezo,HUESPED,1,2024-11-26 17:16:16
561,user561,hashed_password,user561@hotel.com,Candelaria Íngrid Páez Ríos,HUESPED,1,2026-03-22 06:24:14
562,user562,hashed_password,user562@hotel.com,Rosa del Morata,HUESPED,1,2026-05-13 20:11:41
563,user563,hashed_password,user563@hotel.com,Leandro Tenorio Coloma,HUESPED,1,2025-01-28 00:47:30
564,user564,hashed_password,user564@hotel.com,Mirta Ramis-Cabezas,HUESPED,1,2025-07-26 11:22:16
565,user565,hashed_password,user565@hotel.com,Ildefonso Yuste-Pardo,HUESPED,1,2025-03-21 22:09:41
566,user566,hashed_password,user566@hotel.com,Anselma Ramón-Pujol,HUESPED,1,2025-10-09 22:17:07
567,user567,hashed_password,user567@hotel.com,Ileana Reguera-Muñoz,HUESPED,1,2025-06-03 01:35:22
568,user568,hashed_password,user568@hotel.com,Chuy Calderón Tapia,ADMIN,1,2026-04-25 09:40:31
569,user569,hashed_password,user569@hotel.com,Evangelina Torres Ribas,HUESPED,1,2026-01-06 14:26:31
570,user570,hashed_password,user570@hotel.com,Manuel Riera Pedro,HUESPED,1,2025-03-18 09:07:04
571,user571,hashed_password,user571@hotel.com,Seve Echeverría Muro,HUESPED,1,2025-06-12 06:50:31
572,user572,hashed_password,user572@hotel.com,Elías Lastra Quintero,HUESPED,1,2025-11-18 01:58:10
573,user573,hashed_password,user573@hotel.com,Dani Salvà Miralles,HUESPED,1,2026-03-07 10:31:35
574,user574,hashed_password,user574@hotel.com,Plácido Maximiliano Elorza Ayala,ADMIN,1,2024-09-20 04:47:41
575,user575,hashed_password,user575@hotel.com,Teresita Escribano Piñol,HUESPED,1,2024-08-14 22:38:12
576,user576,hashed_password,user576@hotel.com,Graciano Sáez Riba,HUESPED,1,2026-04-03 09:32:48
577,user577,hashed_password,user577@hotel.com,Néstor Azcona Huerta,HUESPED,1,2024-08-22 17:35:44
578,user578,hashed_password,user578@hotel.com,Joel Vilar Suárez,HUESPED,1,2024-08-03 15:18:14
579,user579,hashed_password,user579@hotel.com,Marino Torrecilla Sevilla,HUESPED,1,2025-05-23 16:10:15
580,user580,hashed_password,user580@hotel.com,Elías Ibáñez-Aragón,HUESPED,1,2024-09-08 18:38:19
581,user581,hashed_password,user581@hotel.com,Cleto Mayoral Mascaró,HUESPED,1,2026-04-28 15:46:12
582,user582,hashed_password,user582@hotel.com,Reynaldo Sureda Andrade,RECEPCIONISTA,1,2025-04-26 01:39:21
583,user583,hashed_password,user583@hotel.com,Gaspar Morera-Valderrama,HUESPED,1,2026-04-04 06:03:13
584,user584,hashed_password,user584@hotel.com,Florentina Pino-Canales,HUESPED,1,2025-08-24 16:39:49
585,user585,hashed_password,user585@hotel.com,Jose Ignacio Salas-Diéguez,RECEPCIONISTA,1,2026-03-25 08:53:50
586,user586,hashed_password,user586@hotel.com,Marcial Morales-Paz,HUESPED,1,2025-11-16 06:30:28
587,user587,hashed_password,user587@hotel.com,Fabio Requena Tamayo,HUESPED,1,2026-04-29 09:18:06
588,user588,hashed_password,user588@hotel.com,Manu de Ribera,HUESPED,1,2024-11-05 07:23:35
589,user589,hashed_password,user589@hotel.com,Ariadna Mendizábal Azcona,HUESPED,1,2025-04-19 05:26:16
590,user590,hashed_password,user590@hotel.com,Águeda Castejón,HUESPED,1,2025-12-31 08:03:05
591,user591,hashed_password,user591@hotel.com,Bernardino Barco-Oliver,RECEPCIONISTA,1,2025-06-17 12:19:13
592,user592,hashed_password,user592@hotel.com,Pastora Giralt Talavera,HUESPED,1,2024-11-24 10:12:45
593,user593,hashed_password,user593@hotel.com,Belén Escamilla-Infante,HUESPED,1,2025-02-02 04:13:23
594,user594,hashed_password,user594@hotel.com,Paulino Manzanares Fajardo,HUESPED,1,2026-01-30 02:46:19
595,user595,hashed_password,user595@hotel.com,Zaida Coello,HUESPED,1,2025-10-12 09:28:07
596,user596,hashed_password,user596@hotel.com,Balduino del Ortuño,RECEPCIONISTA,1,2025-02-23 21:41:06
597,user597,hashed_password,user597@hotel.com,Dorotea Cerdá Galván,HUESPED,1,2024-07-17 15:03:23
598,user598,hashed_password,user598@hotel.com,Luciano Cervantes-Boada,HUESPED,1,2024-10-21 22:41:48
599,user599,hashed_password,user599@hotel.com,Tamara Portero-Leiva,HUESPED,1,2026-03-06 19:48:48
600,user600,hashed_password,user600@hotel.com,Jordi Villalonga González,RECEPCIONISTA,1,2026-05-11 12:24:19
601,user601,hashed_password,user601@hotel.com,Teodoro Peral,HUESPED,1,2024-09-15 10:34:57
602,user602,hashed_password,user602@hotel.com,Victoriano Aristides Pozo Juliá,HUESPED,1,2025-02-17 04:17:22
603,user603,hashed_password,user603@hotel.com,Palmira Calleja Merino,HUESPED,1,2026-05-01 22:22:12
604,user604,hashed_password,user604@hotel.com,Baldomero Domingo Vicens Juliá,HUESPED,1,2025-04-01 09:33:15
605,user605,hashed_password,user605@hotel.com,Amando Seco Sales,HUESPED,1,2025-08-18 02:14:16
606,user606,hashed_password,user606@hotel.com,Florentina Vaquero Lastra,HUESPED,1,2025-09-14 06:02:46
607,user607,hashed_password,user607@hotel.com,Chita Patiño Ureña,HUESPED,1,2024-08-21 11:19:41
608,user608,hashed_password,user608@hotel.com,Candela Ortuño Quero,HUESPED,1,2025-01-14 19:11:23
609,user609,hashed_password,user609@hotel.com,María Jesús Ferrera,HUESPED,1,2026-02-24 01:38:53
610,user610,hashed_password,user610@hotel.com,Jose Molina Oliva,HUESPED,1,2025-06-30 14:36:19
611,user611,hashed_password,user611@hotel.com,Eric Bárcena Bilbao,HUESPED,1,2025-03-18 14:53:57
612,user612,hashed_password,user612@hotel.com,Berta de Valera,HUESPED,1,2025-03-23 11:15:49
613,user613,hashed_password,user613@hotel.com,Julie Salcedo-Pino,HUESPED,1,2025-10-13 10:27:06
614,user614,hashed_password,user614@hotel.com,Aura Haro Noriega,HUESPED,1,2024-08-16 06:21:56
615,user615,hashed_password,user615@hotel.com,Cebrián Julián Díaz,HUESPED,1,2024-08-13 14:43:54
616,user616,hashed_password,user616@hotel.com,Ariel Serra Palmer,HUESPED,1,2025-12-27 05:25:49
617,user617,hashed_password,user617@hotel.com,Guadalupe Ropero Soler,HUESPED,1,2026-02-15 13:52:58
618,user618,hashed_password,user618@hotel.com,Primitivo Belda Paz,HUESPED,1,2025-02-16 12:56:20
619,user619,hashed_password,user619@hotel.com,Tiburcio Cánovas Aguilera,HUESPED,1,2026-02-26 20:01:07
620,user620,hashed_password,user620@hotel.com,Édgar Viñas Olivé,HUESPED,1,2024-07-12 11:12:42
621,user621,hashed_password,user621@hotel.com,Pía Torrents Silva,HUESPED,1,2025-06-24 06:00:07
622,user622,hashed_password,user622@hotel.com,Nazaret Vendrell,HUESPED,1,2024-10-22 12:54:32
623,user623,hashed_password,user623@hotel.com,Rebeca Escamilla Hierro,HUESPED,1,2024-10-07 17:26:56
624,user624,hashed_password,user624@hotel.com,Alicia del Lucas,HUESPED,1,2024-06-04 09:44:20
625,user625,hashed_password,user625@hotel.com,Genoveva de Estevez,HUESPED,1,2025-08-27 22:23:00
626,user626,hashed_password,user626@hotel.com,Araceli Bartolomé Márquez,HUESPED,1,2025-07-24 02:15:26
627,user627,hashed_password,user627@hotel.com,Che Frías-Salmerón,HUESPED,1,2025-08-17 12:36:29
628,user628,hashed_password,user628@hotel.com,Gerardo Escrivá,HUESPED,1,2025-01-04 06:47:53
629,user629,hashed_password,user629@hotel.com,Leandra Leal Olivares,HUESPED,1,2025-02-21 02:37:54
630,user630,hashed_password,user630@hotel.com,Bibiana Ribes-Cuenca,HUESPED,1,2025-11-23 18:58:34
631,user631,hashed_password,user631@hotel.com,José Antonio Luque Manzano,ADMIN,1,2025-10-09 19:06:47
632,user632,hashed_password,user632@hotel.com,Judith Luz Zamora,HUESPED,1,2025-12-01 08:09:10
633,user633,hashed_password,user633@hotel.com,Aránzazu Sevillano Giménez,HUESPED,1,2025-05-28 08:06:59
634,user634,hashed_password,user634@hotel.com,Reinaldo Aroca Casals,HUESPED,1,2026-01-06 03:46:10
635,user635,hashed_password,user635@hotel.com,Moreno Catalán Quesada,HUESPED,1,2026-05-03 18:09:09
636,user636,hashed_password,user636@hotel.com,Lorenzo Leandro Serrano Ródenas,HUESPED,1,2026-01-11 10:07:48
637,user637,hashed_password,user637@hotel.com,Sigfrido Figuerola Juan,HUESPED,1,2025-08-03 16:59:34
638,user638,hashed_password,user638@hotel.com,Custodia Cantero Elías,HUESPED,1,2024-08-08 10:10:03
639,user639,hashed_password,user639@hotel.com,Luisina Criado Carro,HUESPED,1,2025-03-03 20:19:02
640,user640,hashed_password,user640@hotel.com,Delfina Cózar,HUESPED,1,2025-03-29 17:31:35
641,user641,hashed_password,user641@hotel.com,José Mari Noguera Parra,ADMIN,1,2024-06-15 01:15:41
642,user642,hashed_password,user642@hotel.com,Graciela Casals Mascaró,HUESPED,1,2026-01-15 06:47:20
643,user643,hashed_password,user643@hotel.com,Macario Sandoval Puga,HUESPED,1,2026-04-10 19:02:24
644,user644,hashed_password,user644@hotel.com,Nydia Esparza Rodríguez,HUESPED,1,2024-08-30 07:23:49
645,user645,hashed_password,user645@hotel.com,Máximo Cañete,RECEPCIONISTA,1,2025-10-16 22:47:59
646,user646,hashed_password,user646@hotel.com,Nando Hernández Sierra,HUESPED,1,2025-01-15 17:56:40
647,user647,hashed_password,user647@hotel.com,Marina Macarena Esteban Neira,RECEPCIONISTA,1,2024-07-14 08:54:24
648,user648,hashed_password,user648@hotel.com,Bruno Navas Morante,HUESPED,1,2025-10-07 16:39:46
649,user649,hashed_password,user649@hotel.com,Emperatriz Felisa Nebot Ferrera,HUESPED,1,2025-09-07 13:05:45
650,user650,hashed_password,user650@hotel.com,Adoración del Cortes,HUESPED,1,2025-12-21 21:42:38
651,user651,hashed_password,user651@hotel.com,Nicolás Andrade,HUESPED,1,2024-08-30 10:13:21
652,user652,hashed_password,user652@hotel.com,Néstor Prats Nogués,HUESPED,1,2025-06-17 02:29:38
653,user653,hashed_password,user653@hotel.com,Ricarda Fábregas Doménech,RECEPCIONISTA,1,2024-11-19 14:00:21
654,user654,hashed_password,user654@hotel.com,Carlito del Vicente,HUESPED,1,2024-11-01 22:04:20
655,user655,hashed_password,user655@hotel.com,Isabel Hortensia Ramis Plana,HUESPED,1,2024-08-21 03:32:36
656,user656,hashed_password,user656@hotel.com,Bibiana Sara Larrañaga Arranz,HUESPED,1,2026-01-04 07:31:22
657,user657,hashed_password,user657@hotel.com,Candelaria Quesada,HUESPED,1,2025-06-15 20:16:49
658,user658,hashed_password,user658@hotel.com,Eufemia Amo Barrio,HUESPED,1,2025-12-17 01:30:26
659,user659,hashed_password,user659@hotel.com,Ángeles Romeu Pascual,HUESPED,1,2024-09-08 16:09:14
660,user660,hashed_password,user660@hotel.com,Dorita Martin,HUESPED,1,2025-11-11 15:12:44
661,user661,hashed_password,user661@hotel.com,Fortunato Reguera Guardia,HUESPED,1,2025-10-19 03:22:17
662,user662,hashed_password,user662@hotel.com,Flora Jódar-Bertrán,HUESPED,1,2026-02-13 11:23:02
663,user663,hashed_password,user663@hotel.com,Patricia Cuervo Valdés,ADMIN,1,2025-03-02 07:45:49
664,user664,hashed_password,user664@hotel.com,Delfina Caparrós Puga,HUESPED,1,2025-09-05 08:22:23
665,user665,hashed_password,user665@hotel.com,Ildefonso del Sans,HUESPED,1,2026-01-18 13:02:12
666,user666,hashed_password,user666@hotel.com,Vicenta Barranco Tolosa,HUESPED,1,2025-11-03 10:56:19
667,user667,hashed_password,user667@hotel.com,Magdalena Moya Puerta,HUESPED,1,2026-05-08 12:59:15
668,user668,hashed_password,user668@hotel.com,Urbano de Diaz,HUESPED,1,2025-03-27 08:55:37
669,user669,hashed_password,user669@hotel.com,Juliana de Cano,HUESPED,1,2025-04-27 09:50:47
670,user670,hashed_password,user670@hotel.com,Candelario Lerma Andres,HUESPED,1,2024-10-26 07:15:55
671,user671,hashed_password,user671@hotel.com,Graciano de Salcedo,HUESPED,1,2025-01-16 21:38:02
672,user672,hashed_password,user672@hotel.com,Maximino de Barrio,RECEPCIONISTA,1,2026-03-08 02:02:05
673,user673,hashed_password,user673@hotel.com,Paulina Peña Jiménez,ADMIN,1,2025-10-29 21:36:02
674,user674,hashed_password,user674@hotel.com,Sosimo Soria Aramburu,HUESPED,1,2024-06-14 06:57:58
675,user675,hashed_password,user675@hotel.com,José Manu Haro Miguel,HUESPED,1,2025-01-23 05:39:36
676,user676,hashed_password,user676@hotel.com,Josué Alfaro Recio,HUESPED,1,2024-10-12 21:17:24
677,user677,hashed_password,user677@hotel.com,Blanca Prat Rivera,HUESPED,1,2025-03-03 21:57:11
678,user678,hashed_password,user678@hotel.com,Miguel Ángel Quero Hernández,RECEPCIONISTA,1,2025-11-06 14:32:43
679,user679,hashed_password,user679@hotel.com,Severiano Losa Cabañas,HUESPED,1,2025-11-05 05:28:44
680,user680,hashed_password,user680@hotel.com,Leonel Gargallo-Acosta,HUESPED,1,2025-12-27 09:29:18
681,user681,hashed_password,user681@hotel.com,María Carmen Santiago Gallardo,HUESPED,1,2024-10-08 15:54:56
682,user682,hashed_password,user682@hotel.com,Concha Torrens Oliver,HUESPED,1,2026-05-11 09:29:10
683,user683,hashed_password,user683@hotel.com,Octavio Barrio Romero,HUESPED,1,2026-02-14 12:49:34
684,user684,hashed_password,user684@hotel.com,Saturnina Valentín Barrena,HUESPED,1,2024-12-22 15:50:43
685,user685,hashed_password,user685@hotel.com,Édgar Garriga Rivero,HUESPED,1,2024-10-17 08:00:38
686,user686,hashed_password,user686@hotel.com,Leoncio Marí Suarez,HUESPED,1,2025-10-14 18:45:51
687,user687,hashed_password,user687@hotel.com,Hilario del Tudela,HUESPED,1,2025-11-17 11:10:55
688,user688,hashed_password,user688@hotel.com,Amor Arrieta Artigas,HUESPED,1,2025-12-21 06:51:18
689,user689,hashed_password,user689@hotel.com,Amanda Pacheco Morata,HUESPED,1,2025-06-29 11:14:32
690,user690,hashed_password,user690@hotel.com,Remigio Mur Egea,HUESPED,1,2026-02-27 22:20:20
691,user691,hashed_password,user691@hotel.com,Piedad Dávila Calvo,HUESPED,1,2025-07-30 08:29:06
692,user692,hashed_password,user692@hotel.com,Leire Ángeles Recio Boix,HUESPED,1,2024-06-29 12:25:02
693,user693,hashed_password,user693@hotel.com,Candela Querol Pla,HUESPED,1,2025-10-15 10:18:38
694,user694,hashed_password,user694@hotel.com,Mirta Peinado Boada,RECEPCIONISTA,1,2026-05-09 10:04:05
695,user695,hashed_password,user695@hotel.com,Aroa Salvà Moliner,HUESPED,1,2026-05-08 08:36:13
696,user696,hashed_password,user696@hotel.com,Corona Escolano Vallés,HUESPED,1,2024-06-07 01:35:50
697,user697,hashed_password,user697@hotel.com,Eladio Andrés Felipe Bautista Cid,HUESPED,1,2025-09-16 05:51:40
698,user698,hashed_password,user698@hotel.com,Jesusa del Bravo,RECEPCIONISTA,1,2025-07-13 21:19:29
699,user699,hashed_password,user699@hotel.com,Carmela Pinilla Martorell,HUESPED,1,2025-04-10 14:07:16
700,user700,hashed_password,user700@hotel.com,Araceli Iriarte,HUESPED,1,2024-11-02 09:43:47
701,user701,hashed_password,user701@hotel.com,Maite Giralt Sanmartín,HUESPED,1,2024-05-20 06:11:02
702,user702,hashed_password,user702@hotel.com,Asdrubal Vila Castell,RECEPCIONISTA,1,2026-03-11 09:32:37
703,user703,hashed_password,user703@hotel.com,Casemiro Abellán Linares,HUESPED,1,2026-03-03 17:49:09
704,user704,hashed_password,user704@hotel.com,Gerónimo Alonso Palma,HUESPED,1,2025-07-02 22:06:19
705,user705,hashed_password,user705@hotel.com,Macarena Seguí Pedro,HUESPED,1,2025-12-03 02:22:22
706,user706,hashed_password,user706@hotel.com,Elisa Villalba-Pi,HUESPED,1,2024-09-02 21:51:39
707,user707,hashed_password,user707@hotel.com,Natalio Izaguirre Valera,HUESPED,1,2025-07-27 10:16:14
708,user708,hashed_password,user708@hotel.com,Coral Sánchez-Mir,HUESPED,1,2026-02-16 04:06:37
709,user709,hashed_password,user709@hotel.com,Silvestre Águila-Conesa,HUESPED,1,2025-02-27 15:04:02
710,user710,hashed_password,user710@hotel.com,Baltasar Carrillo-Garrido,HUESPED,1,2025-05-27 11:39:36
711,user711,hashed_password,user711@hotel.com,Santos Montero Pedrero,HUESPED,1,2025-09-24 14:39:22
712,user712,hashed_password,user712@hotel.com,Sandra Falcó-Carbonell,HUESPED,1,2026-02-07 06:10:57
713,user713,hashed_password,user713@hotel.com,Cristian Sáenz,RECEPCIONISTA,1,2024-06-15 18:30:52
714,user714,hashed_password,user714@hotel.com,Nidia Puig Díaz,HUESPED,1,2024-11-25 19:03:58
715,user715,hashed_password,user715@hotel.com,Jaime Chema Carranza Canals,HUESPED,1,2024-07-11 02:32:26
716,user716,hashed_password,user716@hotel.com,Selena del Navas,HUESPED,1,2024-12-31 19:18:52
717,user717,hashed_password,user717@hotel.com,Brígida Quintero,HUESPED,1,2026-02-13 04:23:43
718,user718,hashed_password,user718@hotel.com,Aníbal Lledó Anaya,HUESPED,1,2026-03-07 19:38:48
719,user719,hashed_password,user719@hotel.com,Bautista Valencia-Coll,HUESPED,1,2024-08-14 08:13:16
720,user720,hashed_password,user720@hotel.com,Ruben Edmundo Andres Rodríguez,HUESPED,1,2024-09-28 10:27:15
721,user721,hashed_password,user721@hotel.com,Juan Francisco Arranz-Hervia,HUESPED,1,2025-02-28 09:54:51
722,user722,hashed_password,user722@hotel.com,Juan Marti Abascal,ADMIN,1,2025-03-11 17:10:11
723,user723,hashed_password,user723@hotel.com,Ofelia Esparza-Talavera,HUESPED,1,2025-11-06 16:55:56
724,user724,hashed_password,user724@hotel.com,Jorge Camacho Espinosa,HUESPED,1,2025-01-04 16:03:32
725,user725,hashed_password,user725@hotel.com,Cleto Falcó,ADMIN,1,2024-07-25 02:56:28
726,user726,hashed_password,user726@hotel.com,Roldán Escobar Romeu,ADMIN,1,2025-09-16 07:46:39
727,user727,hashed_password,user727@hotel.com,Lino Mauricio Báez Pavón,HUESPED,1,2025-04-21 00:45:03
728,user728,hashed_password,user728@hotel.com,Paola Núñez Torre,HUESPED,1,2025-10-30 04:09:32
729,user729,hashed_password,user729@hotel.com,Cirino Edmundo Porta Garcés,HUESPED,1,2026-04-10 16:27:42
730,user730,hashed_password,user730@hotel.com,Alejo Villena Ruiz,HUESPED,1,2024-07-08 14:36:41
731,user731,hashed_password,user731@hotel.com,Lorenzo Puga Ojeda,HUESPED,1,2025-02-16 01:25:21
732,user732,hashed_password,user732@hotel.com,Dionisio Arrieta,HUESPED,1,2025-07-03 11:51:10
733,user733,hashed_password,user733@hotel.com,Marcelo Sola Villalobos,RECEPCIONISTA,1,2024-07-01 04:02:31
734,user734,hashed_password,user734@hotel.com,Jonatan Andres Menendez,HUESPED,1,2025-01-12 03:58:48
735,user735,hashed_password,user735@hotel.com,Albert Lino Rueda Jordán,HUESPED,1,2024-07-31 16:23:38
736,user736,hashed_password,user736@hotel.com,Sandalio Enrique Zabala Conesa,HUESPED,1,2025-12-16 16:44:14
737,user737,hashed_password,user737@hotel.com,Teodosio Adadia Montesinos,HUESPED,1,2026-01-24 02:36:49
738,user738,hashed_password,user738@hotel.com,Daniela Urrutia,HUESPED,1,2024-10-05 19:58:14
739,user739,hashed_password,user739@hotel.com,Venceslás Jordán Solís Verdú,HUESPED,1,2024-10-13 21:10:40
740,user740,hashed_password,user740@hotel.com,Severo Cadenas Sebastián,HUESPED,1,2024-06-21 22:20:52
741,user741,hashed_password,user741@hotel.com,Yaiza Albero Barragán,HUESPED,1,2025-10-13 03:42:27
742,user742,hashed_password,user742@hotel.com,Luciana Calvet Pi,RECEPCIONISTA,1,2026-03-31 19:59:55
743,user743,hashed_password,user743@hotel.com,Óscar Múñiz,HUESPED,1,2025-01-09 21:46:20
744,user744,hashed_password,user744@hotel.com,Cipriano Antón Valentín,HUESPED,1,2024-12-29 14:12:31
745,user745,hashed_password,user745@hotel.com,Julián Llano-Dávila,HUESPED,1,2025-04-30 23:26:00
746,user746,hashed_password,user746@hotel.com,Esteban de Aguilera,RECEPCIONISTA,1,2026-03-07 11:45:27
747,user747,hashed_password,user747@hotel.com,Nicolás Girón Campoy,HUESPED,1,2026-02-28 19:22:01
748,user748,hashed_password,user748@hotel.com,Consuelo Sevillano,HUESPED,1,2025-11-06 07:08:33
749,user749,hashed_password,user749@hotel.com,Jennifer Esteban Calvo,HUESPED,1,2026-03-26 21:24:35
750,user750,hashed_password,user750@hotel.com,Herminio Nebot Roselló,HUESPED,1,2026-02-10 14:18:46
751,user751,hashed_password,user751@hotel.com,Paca Martín Chico,HUESPED,1,2024-12-12 09:31:18
752,user752,hashed_password,user752@hotel.com,Jerónimo Vera,ADMIN,1,2025-02-05 15:46:47
753,user753,hashed_password,user753@hotel.com,Santos Izaguirre Castro,HUESPED,1,2024-10-08 12:33:28
754,user754,hashed_password,user754@hotel.com,Lucila Mur Osuna,HUESPED,1,2026-01-19 16:46:42
755,user755,hashed_password,user755@hotel.com,Julieta Guardia Bonilla,ADMIN,1,2025-11-29 15:54:21
756,user756,hashed_password,user756@hotel.com,Yolanda de Bueno,HUESPED,1,2025-07-10 12:56:45
757,user757,hashed_password,user757@hotel.com,Héctor Mateo Lucas,HUESPED,1,2025-09-21 16:54:02
758,user758,hashed_password,user758@hotel.com,Yésica Sandoval Segura,HUESPED,1,2026-04-14 21:55:38
759,user759,hashed_password,user759@hotel.com,Luis Ángel Cabanillas Correa,HUESPED,1,2025-09-03 04:46:08
760,user760,hashed_password,user760@hotel.com,Pepe Casado Sotelo,HUESPED,1,2026-02-27 16:05:32
761,user761,hashed_password,user761@hotel.com,Manola de Mir,HUESPED,1,2025-05-27 23:32:01
762,user762,hashed_password,user762@hotel.com,Verónica Pablo Canet,HUESPED,1,2025-12-05 09:07:37
763,user763,hashed_password,user763@hotel.com,Eligio Pascual Llano Hernandez,HUESPED,1,2025-02-14 19:45:05
764,user764,hashed_password,user764@hotel.com,Adrián Coronado Duque,HUESPED,1,2026-04-18 14:57:11
765,user765,hashed_password,user765@hotel.com,Calixto Darío Crespi Posada,HUESPED,1,2025-10-18 16:23:02
766,user766,hashed_password,user766@hotel.com,María José Blazquez Viana,RECEPCIONISTA,1,2026-02-17 14:16:23
767,user767,hashed_password,user767@hotel.com,Moreno Estévez Alcaraz,HUESPED,1,2025-08-16 23:48:50
768,user768,hashed_password,user768@hotel.com,Oriana Márquez Pomares,HUESPED,1,2025-09-03 18:00:31
769,user769,hashed_password,user769@hotel.com,Félix del Catalá,HUESPED,1,2025-06-28 05:58:01
770,user770,hashed_password,user770@hotel.com,Paz Armas Madrid,ADMIN,1,2025-10-04 13:36:01
771,user771,hashed_password,user771@hotel.com,Guiomar Soto,HUESPED,1,2025-02-12 09:22:55
772,user772,hashed_password,user772@hotel.com,Candelario Aliaga Ferreras,HUESPED,1,2026-05-14 01:16:28
773,user773,hashed_password,user773@hotel.com,Cleto Bilbao,HUESPED,1,2026-02-02 20:36:44
774,user774,hashed_password,user774@hotel.com,Marciano Tito Ariza Francisco,HUESPED,1,2024-06-04 02:56:14
775,user775,hashed_password,user775@hotel.com,Octavio de Robledo,HUESPED,1,2025-11-21 05:17:30
776,user776,hashed_password,user776@hotel.com,Vinicio Gomez Cabello,HUESPED,1,2025-05-11 01:26:00
777,user777,hashed_password,user777@hotel.com,Luis Ángel Matías Uribe Montesinos,ADMIN,1,2026-05-09 02:20:47
778,user778,hashed_password,user778@hotel.com,Luisa Rodríguez Cañizares,RECEPCIONISTA,1,2024-06-08 16:19:19
779,user779,hashed_password,user779@hotel.com,Pepita Pinedo,HUESPED,1,2025-04-09 23:44:08
780,user780,hashed_password,user780@hotel.com,Alma Arribas Solera,HUESPED,1,2025-03-29 06:12:56
781,user781,hashed_password,user781@hotel.com,Maxi Marcos Cuenca,HUESPED,1,2025-05-20 04:54:40
782,user782,hashed_password,user782@hotel.com,Leire Daniela Garrido Jiménez,HUESPED,1,2024-09-28 05:56:56
783,user783,hashed_password,user783@hotel.com,Rodrigo Valderrama,HUESPED,1,2025-05-19 03:01:25
784,user784,hashed_password,user784@hotel.com,Calixto Garay Garzón,HUESPED,1,2024-09-11 19:50:56
785,user785,hashed_password,user785@hotel.com,Belen Leal Chamorro,HUESPED,1,2025-08-30 01:54:37
786,user786,hashed_password,user786@hotel.com,Agustina Arévalo Vallejo,HUESPED,1,2025-09-06 12:14:12
787,user787,hashed_password,user787@hotel.com,Carmina Cañizares Calzada,ADMIN,1,2024-06-18 20:22:06
788,user788,hashed_password,user788@hotel.com,Francisco Javier Carrasco Coll,HUESPED,1,2026-05-04 15:41:22
789,user789,hashed_password,user789@hotel.com,Francisco Javier Avilés,HUESPED,1,2024-07-20 15:11:09
790,user790,hashed_password,user790@hotel.com,María Cerro Jerez,HUESPED,1,2025-02-19 09:20:38
791,user791,hashed_password,user791@hotel.com,Manuelita Borrego-Barriga,RECEPCIONISTA,1,2026-01-01 20:37:19
792,user792,hashed_password,user792@hotel.com,Emma Amat,HUESPED,1,2026-05-15 19:12:28
793,user793,hashed_password,user793@hotel.com,Joaquina Palomino Merino,RECEPCIONISTA,1,2025-04-29 15:34:16
794,user794,hashed_password,user794@hotel.com,Sigfrido Moya Cámara,RECEPCIONISTA,1,2024-05-27 23:51:39
795,user795,hashed_password,user795@hotel.com,Antonia Parejo Company,HUESPED,1,2026-02-19 00:25:40
796,user796,hashed_password,user796@hotel.com,Carlos Álvarez Jover,HUESPED,1,2025-08-12 12:18:52
797,user797,hashed_password,user797@hotel.com,Guadalupe del Hernández,HUESPED,1,2025-11-21 05:44:47
798,user798,hashed_password,user798@hotel.com,Omar Falcó Herrero,RECEPCIONISTA,1,2025-01-26 22:34:28
799,user799,hashed_password,user799@hotel.com,Edelmiro Suarez-Chaparro,HUESPED,1,2025-09-27 21:04:58
800,user800,hashed_password,user800@hotel.com,Marcio Portillo Barroso,HUESPED,1,2025-04-09 12:31:42
